,nthvalue,1,2,3,4
0,0.0,30.0,245.0,190.0,103.0
1,1.0,30.0,245.0,190.0,103.0
2,2.0,29.0,246.0,191.0,103.0
3,3.0,28.0,246.0,191.0,104.0
4,4.0,28.0,247.0,191.0,104.0
5,5.0,27.0,247.0,191.0,104.0
6,6.0,26.0,246.0,190.0,104.0
7,7.0,26.0,246.0,189.0,103.0
8,8.0,26.0,246.0,189.0,103.0
9,9.0,27.0,246.0,189.0,103.0
10,10.0,27.0,246.0,189.0,103.0
11,11.0,27.0,246.0,190.0,103.0
12,12.0,27.0,246.0,190.0,104.0
13,13.0,26.0,247.0,191.0,104.0
14,14.0,26.0,247.0,191.0,105.0
15,15.0,26.0,247.0,191.0,105.0
16,16.0,26.0,247.0,191.0,105.0
17,17.0,25.0,247.0,191.0,105.0
18,18.0,25.0,247.0,191.0,105.0
19,19.0,25.0,247.0,191.0,105.0
20,20.0,25.0,247.0,191.0,105.0
21,21.0,25.0,247.0,191.0,105.0
22,22.0,25.0,247.0,191.0,105.0
23,23.0,25.0,247.0,192.0,105.0
24,24.0,25.0,248.0,193.0,106.0
25,25.0,25.0,248.0,194.0,107.0
26,26.0,25.0,248.0,194.0,107.0
27,27.0,25.0,248.0,194.0,107.0
28,28.0,25.0,248.0,194.0,107.0
29,29.0,25.0,248.0,193.0,106.0
30,30.0,25.0,248.0,193.0,106.0
31,31.0,25.0,248.0,193.0,106.0
32,32.0,24.0,248.0,193.0,106.0
33,33.0,24.0,248.0,193.0,106.0
34,34.0,24.0,248.0,191.0,105.0
35,35.0,24.0,248.0,190.0,104.0
36,36.0,24.0,248.0,190.0,104.0
37,37.0,24.0,248.0,190.0,105.0
38,38.0,24.0,248.0,190.0,105.0
39,39.0,24.0,248.0,191.0,105.0
40,40.0,24.0,248.0,191.0,105.0
41,41.0,24.0,248.0,191.0,105.0
42,42.0,24.0,248.0,191.0,105.0
43,43.0,24.0,248.0,191.0,105.0
44,44.0,24.0,248.0,191.0,105.0
45,45.0,24.0,248.0,191.0,105.0
46,46.0,24.0,248.0,191.0,105.0
47,47.0,24.0,248.0,191.0,105.0
48,48.0,24.0,248.0,191.0,105.0
49,49.0,24.0,248.0,191.0,105.0
50,50.0,25.0,248.0,191.0,105.0
51,51.0,25.0,248.0,191.0,105.0
52,52.0,25.0,248.0,192.0,105.0
53,53.0,25.0,248.0,192.0,105.0
54,54.0,25.0,247.0,192.0,105.0
55,55.0,25.0,248.0,192.0,106.0
56,56.0,25.0,247.0,192.0,106.0
57,57.0,25.0,247.0,193.0,106.0
58,58.0,25.0,247.0,193.0,106.0
59,59.0,25.0,247.0,193.0,106.0
60,60.0,25.0,247.0,194.0,106.0
61,61.0,25.0,247.0,194.0,107.0
62,62.0,25.0,247.0,194.0,107.0
63,63.0,24.0,247.0,194.0,107.0
64,64.0,24.0,247.0,193.0,106.0
65,65.0,24.0,247.0,192.0,106.0
66,66.0,24.0,247.0,191.0,105.0
67,67.0,24.0,247.0,190.0,104.0
68,68.0,24.0,247.0,189.0,104.0
69,69.0,24.0,247.0,189.0,104.0
70,70.0,24.0,247.0,189.0,104.0
71,71.0,24.0,247.0,191.0,105.0
72,72.0,24.0,247.0,191.0,105.0
73,73.0,24.0,247.0,192.0,105.0
74,74.0,25.0,247.0,193.0,106.0
75,75.0,25.0,248.0,193.0,106.0
76,76.0,25.0,248.0,193.0,106.0
77,77.0,25.0,248.0,193.0,106.0
78,78.0,25.0,248.0,192.0,106.0
79,79.0,25.0,248.0,192.0,105.0
80,80.0,25.0,248.0,191.0,105.0
81,81.0,25.0,248.0,191.0,105.0
82,82.0,25.0,247.0,191.0,105.0
83,83.0,25.0,248.0,191.0,105.0
84,84.0,25.0,247.0,191.0,105.0
85,85.0,25.0,247.0,191.0,105.0
86,86.0,25.0,247.0,191.0,105.0
87,87.0,25.0,247.0,191.0,105.0
88,88.0,25.0,247.0,191.0,105.0
89,89.0,25.0,247.0,191.0,105.0
90,90.0,25.0,247.0,191.0,105.0
91,91.0,25.0,247.0,191.0,105.0
92,92.0,25.0,247.0,191.0,105.0
93,93.0,25.0,247.0,191.0,105.0
94,94.0,25.0,247.0,191.0,105.0
95,95.0,25.0,247.0,191.0,105.0
96,96.0,25.0,247.0,192.0,105.0
97,97.0,25.0,247.0,192.0,105.0
98,98.0,25.0,247.0,192.0,106.0
99,99.0,25.0,247.0,192.0,106.0
100,100.0,24.0,247.0,192.0,106.0
101,101.0,24.0,247.0,192.0,106.0
102,102.0,24.0,247.0,192.0,106.0
103,103.0,25.0,247.0,193.0,106.0
104,104.0,25.0,247.0,193.0,106.0
105,105.0,25.0,247.0,194.0,106.0
106,106.0,25.0,247.0,194.0,107.0
107,107.0,25.0,247.0,194.0,107.0
108,108.0,25.0,247.0,195.0,107.0
109,109.0,25.0,247.0,195.0,107.0
110,110.0,25.0,247.0,194.0,107.0
111,111.0,25.0,247.0,194.0,107.0
112,112.0,25.0,247.0,193.0,106.0
113,113.0,24.0,247.0,192.0,106.0
114,114.0,24.0,247.0,191.0,105.0
115,115.0,24.0,248.0,191.0,105.0
116,116.0,24.0,248.0,191.0,105.0
117,117.0,24.0,248.0,191.0,105.0
118,118.0,24.0,248.0,191.0,105.0
119,119.0,24.0,248.0,192.0,105.0
120,120.0,24.0,247.0,192.0,106.0
121,121.0,25.0,248.0,192.0,106.0
122,122.0,25.0,247.0,193.0,106.0
123,123.0,25.0,247.0,193.0,106.0
124,124.0,25.0,246.0,193.0,106.0
125,125.0,26.0,246.0,193.0,106.0
126,126.0,26.0,246.0,194.0,106.0
127,127.0,25.0,246.0,194.0,106.0
128,,,,,
129,129.0,25.0,247.0,194.0,106.0
130,,,,,
131,131.0,25.0,247.0,193.0,106.0
132,132.0,25.0,247.0,193.0,106.0
133,133.0,25.0,247.0,193.0,106.0
134,134.0,25.0,247.0,193.0,106.0
135,135.0,25.0,247.0,193.0,106.0
136,136.0,25.0,247.0,194.0,106.0
137,137.0,25.0,247.0,193.0,106.0
138,138.0,25.0,246.0,193.0,106.0
139,139.0,25.0,246.0,193.0,106.0
140,140.0,25.0,246.0,193.0,106.0
141,141.0,25.0,246.0,193.0,106.0
142,142.0,25.0,246.0,193.0,106.0
143,143.0,25.0,246.0,193.0,106.0
144,144.0,25.0,246.0,193.0,106.0
145,145.0,25.0,246.0,193.0,106.0
146,146.0,25.0,246.0,193.0,106.0
147,147.0,25.0,246.0,194.0,106.0
148,148.0,25.0,246.0,194.0,106.0
149,149.0,25.0,246.0,194.0,106.0
150,150.0,26.0,246.0,194.0,107.0
151,151.0,26.0,246.0,195.0,107.0
152,152.0,26.0,246.0,195.0,107.0
153,153.0,26.0,246.0,195.0,107.0
154,154.0,26.0,246.0,195.0,107.0
155,155.0,26.0,246.0,195.0,107.0
156,156.0,26.0,247.0,195.0,107.0
157,157.0,26.0,247.0,194.0,107.0
158,158.0,26.0,247.0,193.0,106.0
159,159.0,25.0,247.0,193.0,106.0
160,160.0,25.0,247.0,192.0,105.0
161,161.0,25.0,247.0,193.0,106.0
162,162.0,26.0,247.0,194.0,106.0
163,163.0,26.0,247.0,194.0,106.0
164,164.0,26.0,247.0,194.0,106.0
165,165.0,26.0,247.0,193.0,106.0
166,166.0,26.0,247.0,193.0,106.0
167,167.0,26.0,247.0,193.0,106.0
168,168.0,26.0,247.0,192.0,105.0
169,169.0,25.0,247.0,192.0,105.0
170,170.0,25.0,247.0,192.0,105.0
171,171.0,25.0,247.0,192.0,105.0
172,172.0,25.0,247.0,192.0,105.0
173,173.0,25.0,247.0,192.0,105.0
174,174.0,25.0,247.0,192.0,105.0
175,175.0,26.0,247.0,192.0,105.0
176,176.0,26.0,247.0,192.0,105.0
177,177.0,26.0,247.0,192.0,105.0
178,178.0,26.0,247.0,192.0,105.0
179,179.0,26.0,247.0,192.0,105.0
180,180.0,26.0,247.0,192.0,105.0
181,181.0,26.0,247.0,192.0,105.0
182,182.0,26.0,247.0,193.0,106.0
183,183.0,25.0,247.0,193.0,106.0
184,184.0,26.0,247.0,193.0,106.0
185,185.0,26.0,247.0,194.0,106.0
186,186.0,26.0,247.0,194.0,107.0
187,187.0,26.0,247.0,194.0,107.0
188,188.0,26.0,247.0,195.0,107.0
189,189.0,26.0,247.0,195.0,107.0
190,190.0,25.0,247.0,195.0,107.0
191,191.0,25.0,247.0,195.0,107.0
192,192.0,25.0,248.0,195.0,107.0
193,193.0,25.0,248.0,195.0,107.0
194,194.0,25.0,248.0,194.0,107.0
195,195.0,25.0,248.0,193.0,106.0
196,196.0,25.0,248.0,192.0,106.0
197,197.0,25.0,248.0,192.0,105.0
198,198.0,25.0,248.0,192.0,106.0
199,199.0,25.0,248.0,193.0,106.0
200,200.0,25.0,247.0,193.0,106.0
201,201.0,25.0,247.0,193.0,106.0
202,202.0,25.0,248.0,192.0,106.0
203,203.0,25.0,248.0,191.0,105.0
204,204.0,25.0,248.0,191.0,105.0
205,205.0,25.0,248.0,191.0,105.0
206,206.0,25.0,248.0,191.0,105.0
207,207.0,25.0,247.0,191.0,105.0
208,208.0,25.0,247.0,191.0,105.0
209,209.0,25.0,247.0,191.0,105.0
210,210.0,25.0,247.0,191.0,105.0
211,211.0,25.0,247.0,191.0,105.0
212,212.0,24.0,247.0,191.0,105.0
213,213.0,24.0,247.0,191.0,105.0
214,214.0,24.0,247.0,191.0,105.0
215,215.0,25.0,247.0,192.0,105.0
216,216.0,24.0,247.0,192.0,105.0
217,217.0,25.0,247.0,192.0,105.0
218,218.0,25.0,247.0,192.0,105.0
219,219.0,25.0,247.0,192.0,105.0
220,220.0,25.0,247.0,192.0,105.0
221,221.0,25.0,247.0,192.0,106.0
222,222.0,25.0,247.0,192.0,106.0
223,223.0,25.0,247.0,192.0,106.0
224,224.0,25.0,247.0,192.0,106.0
225,225.0,25.0,247.0,193.0,106.0
226,226.0,25.0,247.0,193.0,106.0
227,227.0,25.0,247.0,193.0,106.0
228,228.0,25.0,247.0,194.0,106.0
229,229.0,25.0,247.0,194.0,106.0
230,230.0,25.0,247.0,194.0,106.0
231,231.0,25.0,246.0,194.0,107.0
232,232.0,25.0,246.0,194.0,107.0
233,233.0,25.0,247.0,194.0,107.0
234,234.0,25.0,247.0,194.0,107.0
235,235.0,25.0,247.0,194.0,106.0
236,236.0,25.0,247.0,193.0,106.0
237,237.0,24.0,247.0,192.0,106.0
238,238.0,24.0,247.0,191.0,105.0
239,239.0,24.0,247.0,191.0,105.0
240,240.0,24.0,247.0,192.0,106.0
241,241.0,24.0,247.0,192.0,106.0
242,242.0,24.0,247.0,192.0,106.0
243,243.0,24.0,247.0,192.0,105.0
244,244.0,24.0,247.0,191.0,105.0
245,245.0,24.0,247.0,191.0,105.0
246,246.0,24.0,247.0,191.0,105.0
247,247.0,24.0,247.0,191.0,105.0
248,248.0,24.0,247.0,191.0,105.0
249,249.0,24.0,247.0,191.0,105.0
250,250.0,25.0,247.0,191.0,105.0
251,251.0,24.0,247.0,191.0,105.0
252,252.0,24.0,247.0,191.0,105.0
253,253.0,24.0,248.0,191.0,105.0
254,254.0,24.0,248.0,191.0,105.0
255,255.0,24.0,248.0,191.0,105.0
256,0.0,24.0,248.0,191.0,105.0
257,1.0,24.0,248.0,192.0,106.0
258,2.0,24.0,248.0,192.0,106.0
259,3.0,24.0,248.0,193.0,106.0
260,4.0,24.0,248.0,193.0,106.0
261,,,,,
262,6.0,24.0,248.0,193.0,107.0
263,7.0,24.0,247.0,194.0,107.0
264,8.0,24.0,247.0,195.0,107.0
265,9.0,25.0,247.0,195.0,107.0
266,10.0,25.0,247.0,195.0,107.0
267,11.0,25.0,247.0,195.0,107.0
268,12.0,25.0,247.0,195.0,107.0
269,13.0,25.0,247.0,194.0,107.0
270,14.0,24.0,248.0,193.0,106.0
271,15.0,24.0,248.0,193.0,106.0
272,16.0,24.0,248.0,192.0,106.0
273,17.0,24.0,248.0,191.0,105.0
274,18.0,24.0,248.0,191.0,105.0
275,19.0,24.0,248.0,191.0,105.0
276,20.0,24.0,248.0,192.0,105.0
277,21.0,24.0,248.0,192.0,106.0
278,22.0,24.0,248.0,193.0,106.0
279,23.0,24.0,248.0,193.0,107.0
280,24.0,24.0,248.0,194.0,107.0
281,25.0,24.0,248.0,194.0,107.0
282,26.0,24.0,248.0,194.0,107.0
283,27.0,24.0,248.0,194.0,107.0
284,28.0,25.0,248.0,193.0,106.0
285,29.0,25.0,248.0,193.0,106.0
286,30.0,24.0,248.0,193.0,106.0
287,31.0,24.0,248.0,193.0,106.0
288,32.0,24.0,248.0,193.0,106.0
289,33.0,24.0,248.0,193.0,106.0
290,34.0,24.0,248.0,193.0,106.0
291,35.0,24.0,248.0,193.0,106.0
292,36.0,24.0,247.0,193.0,106.0
293,37.0,24.0,248.0,193.0,106.0
294,38.0,24.0,248.0,193.0,106.0
295,39.0,24.0,248.0,193.0,106.0
296,40.0,24.0,248.0,193.0,106.0
297,41.0,24.0,248.0,193.0,106.0
298,42.0,24.0,248.0,193.0,106.0
299,,,,,
300,44.0,24.0,248.0,194.0,107.0
301,45.0,24.0,248.0,194.0,107.0
302,46.0,24.0,248.0,194.0,107.0
303,47.0,24.0,248.0,194.0,107.0
304,48.0,24.0,248.0,194.0,107.0
305,49.0,24.0,248.0,195.0,107.0
306,50.0,24.0,248.0,195.0,107.0
307,51.0,24.0,248.0,194.0,107.0
308,52.0,24.0,248.0,194.0,107.0
309,53.0,24.0,248.0,194.0,107.0
310,54.0,24.0,248.0,193.0,107.0
311,55.0,24.0,248.0,193.0,106.0
312,56.0,24.0,248.0,193.0,106.0
313,57.0,25.0,248.0,193.0,106.0
314,58.0,25.0,248.0,192.0,106.0
315,59.0,24.0,248.0,193.0,106.0
316,60.0,24.0,248.0,193.0,106.0
317,61.0,23.0,249.0,192.0,106.0
318,62.0,23.0,249.0,192.0,106.0
319,63.0,23.0,248.0,192.0,106.0
320,64.0,23.0,248.0,192.0,106.0
321,65.0,24.0,247.0,192.0,106.0
322,66.0,24.0,246.0,192.0,106.0
323,67.0,24.0,246.0,193.0,106.0
324,68.0,23.0,247.0,193.0,106.0
325,69.0,23.0,248.0,193.0,106.0
326,,,,,
327,71.0,23.0,248.0,192.0,106.0
328,72.0,23.0,247.0,192.0,106.0
329,73.0,23.0,247.0,191.0,106.0
330,74.0,23.0,247.0,191.0,105.0
331,75.0,23.0,247.0,191.0,105.0
332,76.0,23.0,247.0,191.0,105.0
333,77.0,23.0,247.0,191.0,106.0
334,78.0,23.0,247.0,191.0,105.0
335,79.0,24.0,247.0,191.0,105.0
336,80.0,24.0,247.0,191.0,105.0
337,81.0,23.0,248.0,191.0,106.0
338,82.0,23.0,249.0,191.0,106.0
339,83.0,22.0,250.0,191.0,106.0
340,84.0,23.0,250.0,192.0,106.0
341,85.0,23.0,250.0,190.0,105.0
342,86.0,25.0,248.0,190.0,105.0
343,87.0,26.0,246.0,190.0,104.0
344,,,,,
345,89.0,31.0,241.0,190.0,102.0
346,90.0,33.0,239.0,190.0,101.0
347,91.0,35.0,238.0,190.0,100.0
348,92.0,35.0,239.0,191.0,101.0
349,93.0,35.0,240.0,191.0,101.0
350,94.0,35.0,242.0,192.0,102.0
351,95.0,35.0,242.0,194.0,103.0
352,96.0,34.0,242.0,194.0,104.0
353,97.0,33.0,242.0,194.0,104.0
354,98.0,33.0,242.0,195.0,105.0
355,99.0,34.0,242.0,196.0,105.0
356,100.0,34.0,241.0,197.0,105.0
357,101.0,33.0,241.0,197.0,105.0
358,102.0,33.0,242.0,197.0,105.0
359,103.0,32.0,242.0,196.0,105.0
360,104.0,32.0,242.0,196.0,105.0
361,105.0,31.0,243.0,195.0,105.0
362,106.0,30.0,243.0,195.0,105.0
363,107.0,30.0,243.0,194.0,105.0
364,108.0,30.0,243.0,193.0,105.0
365,109.0,30.0,243.0,194.0,105.0
366,110.0,30.0,243.0,194.0,105.0
367,111.0,30.0,243.0,194.0,105.0
368,112.0,30.0,243.0,194.0,105.0
369,113.0,30.0,243.0,194.0,105.0
370,114.0,30.0,243.0,194.0,105.0
371,115.0,30.0,243.0,194.0,105.0
372,116.0,30.0,243.0,194.0,105.0
373,117.0,31.0,243.0,194.0,105.0
374,118.0,31.0,243.0,194.0,105.0
375,119.0,31.0,243.0,195.0,105.0
376,120.0,31.0,243.0,195.0,105.0
377,121.0,32.0,242.0,196.0,105.0
378,122.0,32.0,242.0,196.0,105.0
379,123.0,32.0,242.0,196.0,105.0
380,124.0,32.0,242.0,196.0,105.0
381,125.0,32.0,242.0,195.0,105.0
382,126.0,32.0,242.0,195.0,105.0
383,127.0,31.0,242.0,194.0,105.0
384,128.0,31.0,242.0,194.0,104.0
385,129.0,31.0,242.0,194.0,104.0
386,130.0,31.0,242.0,194.0,104.0
387,131.0,31.0,242.0,194.0,104.0
388,132.0,31.0,242.0,194.0,105.0
389,133.0,31.0,242.0,195.0,105.0
390,134.0,31.0,242.0,195.0,105.0
391,135.0,31.0,242.0,195.0,105.0
392,136.0,31.0,242.0,194.0,105.0
393,137.0,31.0,242.0,194.0,105.0
394,138.0,31.0,242.0,194.0,105.0
395,139.0,31.0,242.0,194.0,105.0
396,140.0,31.0,242.0,194.0,105.0
397,141.0,31.0,242.0,194.0,105.0
398,142.0,31.0,242.0,194.0,104.0
399,143.0,31.0,243.0,194.0,105.0
400,144.0,30.0,243.0,194.0,105.0
401,145.0,30.0,243.0,194.0,105.0
402,146.0,30.0,243.0,193.0,105.0
403,147.0,30.0,243.0,194.0,105.0
404,148.0,30.0,243.0,194.0,105.0
405,149.0,30.0,243.0,194.0,105.0
406,150.0,30.0,243.0,194.0,105.0
407,151.0,30.0,243.0,194.0,105.0
408,152.0,31.0,243.0,194.0,105.0
409,153.0,31.0,242.0,194.0,105.0
410,154.0,31.0,242.0,195.0,105.0
411,155.0,31.0,242.0,194.0,105.0
412,156.0,31.0,242.0,194.0,104.0
413,157.0,31.0,242.0,194.0,105.0
414,158.0,31.0,242.0,194.0,105.0
415,159.0,31.0,242.0,193.0,104.0
416,160.0,31.0,243.0,193.0,104.0
417,161.0,31.0,243.0,193.0,104.0
418,162.0,31.0,243.0,193.0,104.0
419,163.0,31.0,243.0,193.0,104.0
420,164.0,31.0,243.0,193.0,104.0
421,165.0,31.0,243.0,194.0,104.0
422,166.0,32.0,243.0,194.0,105.0
423,167.0,32.0,242.0,195.0,105.0
424,168.0,32.0,242.0,195.0,105.0
425,169.0,32.0,242.0,196.0,105.0
426,170.0,32.0,243.0,196.0,105.0
427,171.0,32.0,243.0,196.0,106.0
428,172.0,32.0,243.0,196.0,106.0
429,173.0,32.0,243.0,196.0,106.0
430,174.0,31.0,243.0,196.0,106.0
431,175.0,31.0,243.0,196.0,106.0
432,176.0,31.0,244.0,196.0,106.0
433,177.0,31.0,244.0,196.0,106.0
434,178.0,31.0,244.0,195.0,105.0
435,179.0,31.0,244.0,195.0,105.0
436,180.0,31.0,244.0,195.0,105.0
437,181.0,31.0,244.0,195.0,105.0
438,182.0,30.0,244.0,195.0,105.0
439,183.0,30.0,244.0,195.0,105.0
440,184.0,30.0,244.0,194.0,105.0
441,185.0,30.0,244.0,194.0,105.0
442,186.0,30.0,244.0,194.0,105.0
443,187.0,30.0,244.0,194.0,105.0
444,188.0,29.0,244.0,194.0,105.0
445,189.0,29.0,244.0,194.0,105.0
446,190.0,29.0,244.0,194.0,105.0
447,191.0,29.0,244.0,193.0,105.0
448,192.0,29.0,244.0,193.0,105.0
449,193.0,29.0,244.0,194.0,105.0
450,194.0,29.0,244.0,194.0,105.0
451,195.0,29.0,244.0,194.0,105.0
452,196.0,29.0,244.0,194.0,105.0
453,197.0,29.0,244.0,194.0,105.0
454,198.0,29.0,244.0,194.0,106.0
455,199.0,29.0,245.0,194.0,106.0
456,200.0,29.0,245.0,194.0,106.0
457,201.0,29.0,245.0,195.0,106.0
458,202.0,29.0,245.0,195.0,106.0
459,203.0,29.0,245.0,195.0,106.0
460,204.0,29.0,245.0,194.0,106.0
461,205.0,29.0,245.0,194.0,106.0
462,206.0,29.0,245.0,194.0,106.0
463,207.0,28.0,245.0,194.0,105.0
464,208.0,28.0,245.0,194.0,105.0
465,209.0,28.0,245.0,194.0,105.0
466,210.0,28.0,245.0,194.0,106.0
467,211.0,28.0,245.0,194.0,106.0
468,212.0,28.0,245.0,194.0,106.0
469,213.0,28.0,245.0,194.0,106.0
470,214.0,28.0,245.0,194.0,106.0
471,215.0,28.0,245.0,194.0,105.0
472,216.0,28.0,245.0,194.0,105.0
473,217.0,28.0,245.0,193.0,105.0
474,218.0,28.0,245.0,193.0,105.0
475,219.0,28.0,245.0,193.0,105.0
476,220.0,28.0,245.0,193.0,105.0
477,221.0,28.0,245.0,193.0,105.0
478,222.0,27.0,245.0,193.0,105.0
479,223.0,27.0,245.0,193.0,105.0
480,224.0,27.0,245.0,193.0,105.0
481,225.0,27.0,245.0,194.0,106.0
482,226.0,27.0,245.0,194.0,106.0
483,227.0,27.0,245.0,194.0,106.0
484,228.0,27.0,245.0,194.0,106.0
485,,,,,
486,230.0,27.0,246.0,194.0,106.0
487,231.0,27.0,246.0,194.0,106.0
488,232.0,27.0,246.0,193.0,106.0
489,233.0,27.0,246.0,193.0,106.0
490,234.0,27.0,246.0,193.0,106.0
491,235.0,28.0,246.0,194.0,106.0
492,236.0,28.0,246.0,193.0,106.0
493,237.0,28.0,246.0,193.0,106.0
494,238.0,28.0,246.0,194.0,106.0
495,239.0,28.0,245.0,194.0,106.0
496,240.0,28.0,245.0,194.0,106.0
497,241.0,28.0,245.0,195.0,106.0
498,242.0,29.0,245.0,194.0,106.0
499,243.0,29.0,245.0,194.0,105.0
500,244.0,29.0,245.0,193.0,105.0
501,245.0,28.0,245.0,193.0,105.0
502,,,,,
503,247.0,28.0,246.0,193.0,105.0
504,248.0,27.0,246.0,193.0,105.0
505,249.0,27.0,246.0,193.0,105.0
506,250.0,27.0,246.0,192.0,105.0
507,251.0,27.0,246.0,193.0,105.0
508,252.0,27.0,246.0,193.0,105.0
509,253.0,27.0,245.0,193.0,105.0
510,254.0,27.0,245.0,193.0,106.0
511,255.0,27.0,245.0,193.0,106.0
512,0.0,27.0,245.0,193.0,106.0
513,1.0,27.0,245.0,194.0,106.0
514,2.0,27.0,245.0,194.0,106.0
515,3.0,27.0,245.0,194.0,106.0
516,4.0,27.0,245.0,194.0,106.0
517,5.0,27.0,245.0,194.0,106.0
518,6.0,27.0,245.0,194.0,106.0
519,7.0,27.0,245.0,194.0,106.0
520,8.0,28.0,245.0,194.0,106.0
521,9.0,28.0,245.0,194.0,106.0
522,10.0,28.0,245.0,193.0,105.0
523,11.0,28.0,245.0,193.0,105.0
524,12.0,27.0,245.0,194.0,106.0
525,13.0,27.0,245.0,194.0,106.0
526,14.0,27.0,245.0,194.0,106.0
527,15.0,27.0,245.0,193.0,106.0
528,16.0,27.0,246.0,193.0,105.0
529,17.0,26.0,246.0,192.0,105.0
530,18.0,26.0,246.0,191.0,105.0
531,19.0,26.0,246.0,191.0,104.0
532,20.0,26.0,246.0,191.0,104.0
533,21.0,27.0,246.0,191.0,104.0
534,22.0,27.0,246.0,191.0,104.0
535,23.0,27.0,246.0,191.0,104.0
536,24.0,27.0,246.0,191.0,105.0
537,25.0,26.0,246.0,191.0,105.0
538,26.0,26.0,246.0,192.0,105.0
539,27.0,26.0,246.0,192.0,105.0
540,28.0,26.0,246.0,192.0,105.0
541,29.0,26.0,246.0,192.0,105.0
542,30.0,26.0,246.0,193.0,105.0
543,31.0,26.0,246.0,193.0,105.0
544,32.0,26.0,246.0,193.0,106.0
545,33.0,26.0,246.0,193.0,106.0
546,34.0,27.0,245.0,194.0,106.0
547,35.0,27.0,245.0,194.0,106.0
548,36.0,27.0,245.0,194.0,106.0
549,37.0,27.0,245.0,194.0,106.0
550,38.0,27.0,245.0,194.0,106.0
551,39.0,26.0,245.0,194.0,106.0
552,40.0,26.0,245.0,194.0,106.0
553,41.0,26.0,245.0,194.0,106.0
554,42.0,26.0,245.0,194.0,106.0
555,43.0,27.0,245.0,194.0,106.0
556,44.0,26.0,245.0,194.0,106.0
557,45.0,26.0,245.0,194.0,106.0
558,46.0,26.0,245.0,194.0,106.0
559,47.0,26.0,246.0,193.0,106.0
560,48.0,26.0,246.0,193.0,106.0
561,49.0,26.0,246.0,193.0,105.0
562,50.0,26.0,246.0,193.0,105.0
563,51.0,26.0,246.0,192.0,105.0
564,52.0,26.0,246.0,192.0,105.0
565,53.0,26.0,246.0,192.0,105.0
566,54.0,26.0,246.0,192.0,105.0
567,55.0,26.0,246.0,192.0,105.0
568,56.0,26.0,246.0,192.0,105.0
569,57.0,26.0,246.0,192.0,105.0
570,58.0,26.0,246.0,192.0,105.0
571,59.0,26.0,246.0,192.0,105.0
572,60.0,26.0,246.0,192.0,105.0
573,61.0,25.0,246.0,192.0,105.0
574,62.0,25.0,246.0,192.0,105.0
575,63.0,25.0,246.0,192.0,105.0
576,64.0,25.0,246.0,192.0,105.0
577,65.0,25.0,246.0,192.0,105.0
578,66.0,25.0,246.0,192.0,105.0
579,67.0,25.0,246.0,192.0,106.0
580,68.0,25.0,246.0,193.0,106.0
581,69.0,26.0,246.0,193.0,106.0
582,70.0,26.0,246.0,193.0,106.0
583,71.0,26.0,246.0,193.0,106.0
584,72.0,25.0,246.0,193.0,106.0
585,,,,,
586,74.0,25.0,247.0,193.0,106.0
587,75.0,25.0,247.0,193.0,106.0
588,76.0,25.0,247.0,193.0,106.0
589,77.0,25.0,247.0,193.0,106.0
590,78.0,25.0,247.0,193.0,106.0
591,79.0,25.0,247.0,194.0,107.0
592,80.0,25.0,247.0,195.0,107.0
593,81.0,25.0,247.0,195.0,107.0
594,82.0,25.0,247.0,196.0,107.0
595,83.0,26.0,247.0,196.0,108.0
596,84.0,26.0,247.0,195.0,107.0
597,85.0,26.0,247.0,195.0,107.0
598,86.0,26.0,246.0,194.0,107.0
599,87.0,26.0,247.0,194.0,107.0
600,88.0,25.0,247.0,194.0,107.0
601,89.0,25.0,247.0,194.0,107.0
602,90.0,25.0,247.0,194.0,107.0
603,91.0,25.0,247.0,194.0,107.0
604,92.0,25.0,247.0,194.0,107.0
605,93.0,25.0,247.0,194.0,107.0
606,94.0,25.0,247.0,194.0,107.0
607,95.0,25.0,247.0,194.0,107.0
608,96.0,25.0,247.0,194.0,107.0
609,97.0,25.0,247.0,194.0,107.0
610,98.0,25.0,247.0,194.0,107.0
611,99.0,25.0,247.0,194.0,107.0
612,100.0,25.0,247.0,194.0,107.0
613,101.0,25.0,247.0,194.0,107.0
614,102.0,25.0,247.0,194.0,107.0
615,103.0,25.0,247.0,194.0,107.0
616,104.0,24.0,247.0,194.0,107.0
617,105.0,24.0,247.0,194.0,107.0
618,106.0,25.0,247.0,194.0,107.0
619,107.0,24.0,247.0,195.0,107.0
620,108.0,24.0,247.0,195.0,107.0
621,109.0,24.0,247.0,195.0,107.0
622,110.0,24.0,247.0,195.0,107.0
623,111.0,24.0,247.0,194.0,107.0
624,112.0,24.0,247.0,194.0,107.0
625,113.0,24.0,248.0,194.0,107.0
626,114.0,24.0,248.0,193.0,107.0
627,115.0,24.0,248.0,193.0,106.0
628,116.0,24.0,248.0,193.0,107.0
629,117.0,24.0,248.0,193.0,107.0
630,118.0,24.0,247.0,193.0,107.0
631,119.0,24.0,247.0,194.0,107.0
632,120.0,24.0,247.0,194.0,107.0
633,121.0,24.0,247.0,194.0,107.0
634,122.0,24.0,247.0,194.0,107.0
635,123.0,24.0,247.0,194.0,107.0
636,124.0,24.0,247.0,194.0,107.0
637,125.0,24.0,247.0,193.0,107.0
638,126.0,24.0,247.0,193.0,107.0
639,127.0,24.0,247.0,193.0,106.0
640,128.0,24.0,247.0,193.0,106.0
641,129.0,24.0,247.0,193.0,106.0
642,130.0,24.0,247.0,193.0,106.0
643,131.0,24.0,247.0,193.0,106.0
644,132.0,24.0,248.0,193.0,106.0
645,133.0,24.0,248.0,193.0,106.0
646,134.0,24.0,248.0,193.0,106.0
647,135.0,24.0,248.0,193.0,106.0
648,136.0,24.0,248.0,193.0,106.0
649,137.0,23.0,248.0,193.0,107.0
650,138.0,23.0,248.0,193.0,107.0
651,139.0,23.0,248.0,193.0,107.0
652,140.0,23.0,248.0,194.0,107.0
653,141.0,23.0,248.0,194.0,107.0
654,142.0,23.0,248.0,194.0,107.0
655,143.0,23.0,248.0,194.0,107.0
656,144.0,23.0,248.0,193.0,107.0
657,145.0,23.0,248.0,193.0,106.0
658,146.0,23.0,248.0,192.0,106.0
659,147.0,22.0,248.0,192.0,106.0
660,148.0,22.0,248.0,192.0,106.0
661,149.0,22.0,248.0,192.0,106.0
662,150.0,23.0,248.0,192.0,106.0
663,151.0,23.0,248.0,193.0,107.0
664,152.0,23.0,248.0,193.0,107.0
665,153.0,23.0,248.0,193.0,107.0
666,154.0,23.0,248.0,192.0,106.0
667,155.0,23.0,248.0,192.0,106.0
668,156.0,23.0,248.0,192.0,106.0
669,157.0,23.0,248.0,192.0,106.0
670,158.0,23.0,248.0,192.0,106.0
671,159.0,23.0,248.0,192.0,106.0
672,160.0,23.0,248.0,192.0,106.0
673,161.0,23.0,248.0,192.0,106.0
674,162.0,23.0,248.0,192.0,106.0
675,163.0,23.0,248.0,193.0,106.0
676,164.0,23.0,248.0,193.0,106.0
677,165.0,23.0,248.0,193.0,107.0
678,166.0,23.0,248.0,193.0,107.0
679,167.0,23.0,248.0,193.0,107.0
680,168.0,23.0,248.0,193.0,107.0
681,169.0,23.0,248.0,193.0,107.0
682,170.0,23.0,248.0,194.0,107.0
683,171.0,23.0,248.0,194.0,107.0
684,172.0,23.0,248.0,194.0,107.0
685,173.0,23.0,248.0,194.0,107.0
686,174.0,23.0,248.0,194.0,107.0
687,175.0,23.0,248.0,194.0,107.0
688,176.0,23.0,248.0,194.0,107.0
689,177.0,23.0,248.0,194.0,107.0
690,178.0,23.0,248.0,193.0,107.0
691,179.0,23.0,248.0,193.0,106.0
692,180.0,23.0,248.0,192.0,106.0
693,181.0,22.0,248.0,191.0,106.0
694,182.0,22.0,248.0,191.0,106.0
695,183.0,22.0,248.0,191.0,106.0
696,184.0,22.0,248.0,191.0,106.0
697,185.0,22.0,248.0,192.0,106.0
698,186.0,22.0,248.0,192.0,106.0
699,187.0,22.0,248.0,192.0,106.0
700,188.0,22.0,248.0,192.0,106.0
701,189.0,22.0,248.0,192.0,106.0
702,190.0,22.0,248.0,192.0,106.0
703,191.0,22.0,248.0,192.0,106.0
704,192.0,22.0,249.0,192.0,106.0
705,193.0,22.0,249.0,191.0,106.0
706,194.0,22.0,249.0,191.0,105.0
707,195.0,22.0,249.0,191.0,106.0
708,196.0,22.0,249.0,191.0,106.0
709,197.0,22.0,249.0,191.0,106.0
710,198.0,21.0,249.0,192.0,106.0
711,199.0,22.0,249.0,192.0,107.0
712,200.0,22.0,249.0,193.0,107.0
713,201.0,22.0,249.0,193.0,107.0
714,202.0,22.0,249.0,193.0,107.0
715,203.0,23.0,249.0,194.0,107.0
716,204.0,23.0,249.0,194.0,107.0
717,205.0,23.0,249.0,194.0,107.0
718,206.0,23.0,248.0,194.0,107.0
719,207.0,23.0,249.0,194.0,107.0
720,208.0,23.0,249.0,194.0,107.0
721,209.0,23.0,249.0,194.0,107.0
722,210.0,23.0,249.0,194.0,107.0
723,211.0,23.0,248.0,193.0,107.0
724,212.0,23.0,248.0,192.0,106.0
725,213.0,23.0,248.0,192.0,106.0
726,214.0,23.0,248.0,192.0,106.0
727,215.0,23.0,247.0,192.0,106.0
728,216.0,23.0,247.0,192.0,106.0
729,217.0,23.0,247.0,192.0,106.0
730,218.0,23.0,247.0,192.0,106.0
731,219.0,23.0,247.0,192.0,106.0
732,220.0,24.0,247.0,191.0,105.0
733,221.0,24.0,247.0,191.0,105.0
734,222.0,24.0,247.0,191.0,105.0
735,223.0,24.0,247.0,191.0,105.0
736,224.0,24.0,247.0,191.0,105.0
737,225.0,24.0,247.0,191.0,105.0
738,226.0,24.0,248.0,190.0,105.0
739,227.0,23.0,248.0,190.0,105.0
740,228.0,23.0,248.0,191.0,105.0
741,229.0,23.0,248.0,192.0,106.0
742,230.0,23.0,248.0,192.0,106.0
743,231.0,23.0,248.0,192.0,106.0
744,232.0,23.0,248.0,192.0,106.0
745,233.0,23.0,247.0,192.0,106.0
746,234.0,23.0,247.0,192.0,106.0
747,235.0,23.0,247.0,192.0,106.0
748,236.0,23.0,247.0,191.0,105.0
749,237.0,23.0,247.0,191.0,105.0
750,238.0,23.0,247.0,191.0,105.0
751,239.0,23.0,247.0,191.0,105.0
752,240.0,23.0,247.0,191.0,105.0
753,241.0,23.0,247.0,191.0,105.0
754,242.0,23.0,247.0,191.0,105.0
755,243.0,23.0,247.0,191.0,105.0
756,244.0,23.0,247.0,191.0,105.0
757,245.0,23.0,247.0,191.0,106.0
758,246.0,23.0,248.0,192.0,106.0
759,247.0,23.0,248.0,192.0,106.0
760,248.0,23.0,248.0,192.0,106.0
761,249.0,23.0,248.0,192.0,106.0
762,250.0,23.0,248.0,192.0,106.0
763,251.0,23.0,248.0,192.0,106.0
764,252.0,23.0,248.0,192.0,106.0
765,253.0,23.0,248.0,192.0,106.0
766,254.0,23.0,248.0,192.0,106.0
767,255.0,23.0,248.0,192.0,106.0
768,0.0,23.0,248.0,191.0,106.0
769,1.0,23.0,248.0,191.0,106.0
770,2.0,23.0,248.0,191.0,105.0
771,3.0,23.0,248.0,191.0,105.0
772,4.0,23.0,248.0,191.0,106.0
773,5.0,23.0,248.0,191.0,106.0
774,6.0,23.0,248.0,191.0,106.0
775,7.0,23.0,248.0,192.0,106.0
776,8.0,23.0,248.0,192.0,106.0
777,,,,,
778,,,,,
779,11.0,23.0,248.0,191.0,106.0
780,12.0,22.0,248.0,191.0,106.0
781,13.0,22.0,248.0,191.0,106.0
782,14.0,22.0,248.0,191.0,106.0
783,15.0,22.0,248.0,191.0,106.0
784,16.0,22.0,248.0,191.0,105.0
785,17.0,22.0,248.0,191.0,106.0
786,18.0,22.0,248.0,191.0,106.0
787,19.0,22.0,248.0,191.0,106.0
788,20.0,22.0,248.0,192.0,106.0
789,21.0,22.0,248.0,191.0,106.0
790,22.0,22.0,248.0,192.0,106.0
791,23.0,22.0,247.0,192.0,106.0
792,24.0,22.0,247.0,192.0,106.0
793,25.0,22.0,248.0,192.0,106.0
794,26.0,22.0,248.0,192.0,106.0
795,27.0,22.0,248.0,192.0,106.0
796,28.0,22.0,248.0,191.0,106.0
797,29.0,22.0,248.0,191.0,106.0
798,30.0,22.0,248.0,191.0,106.0
799,31.0,22.0,248.0,191.0,106.0
800,32.0,22.0,248.0,191.0,106.0
801,33.0,22.0,248.0,191.0,106.0
802,34.0,22.0,248.0,191.0,106.0
803,35.0,22.0,248.0,191.0,106.0
804,36.0,22.0,248.0,191.0,106.0
805,37.0,22.0,248.0,191.0,106.0
806,38.0,22.0,248.0,191.0,106.0
807,39.0,22.0,248.0,191.0,106.0
808,40.0,22.0,248.0,191.0,106.0
809,41.0,22.0,248.0,191.0,106.0
810,42.0,22.0,248.0,191.0,106.0
811,43.0,22.0,248.0,191.0,106.0
812,44.0,22.0,248.0,192.0,106.0
813,45.0,22.0,248.0,192.0,106.0
814,46.0,22.0,248.0,192.0,106.0
815,47.0,22.0,248.0,192.0,106.0
816,48.0,22.0,248.0,193.0,107.0
817,49.0,22.0,248.0,193.0,107.0
818,50.0,22.0,248.0,193.0,107.0
819,51.0,22.0,248.0,193.0,107.0
820,52.0,21.0,248.0,193.0,107.0
821,53.0,21.0,248.0,193.0,107.0
822,54.0,21.0,248.0,193.0,107.0
823,55.0,21.0,248.0,193.0,107.0
824,56.0,21.0,248.0,193.0,107.0
825,57.0,21.0,248.0,192.0,106.0
826,58.0,21.0,248.0,191.0,106.0
827,59.0,21.0,248.0,191.0,106.0
828,60.0,21.0,248.0,191.0,106.0
829,61.0,21.0,248.0,191.0,106.0
830,62.0,21.0,248.0,190.0,105.0
831,63.0,21.0,248.0,190.0,105.0
832,64.0,21.0,248.0,190.0,105.0
833,65.0,21.0,248.0,190.0,105.0
834,66.0,21.0,248.0,190.0,106.0
835,67.0,21.0,248.0,191.0,106.0
836,68.0,21.0,248.0,190.0,106.0
837,69.0,21.0,248.0,190.0,106.0
838,70.0,21.0,248.0,190.0,106.0
839,71.0,21.0,248.0,190.0,106.0
840,72.0,21.0,248.0,190.0,106.0
841,73.0,21.0,248.0,190.0,105.0
842,74.0,21.0,248.0,191.0,106.0
843,75.0,21.0,248.0,191.0,106.0
844,76.0,21.0,248.0,191.0,106.0
845,77.0,21.0,248.0,192.0,106.0
846,78.0,21.0,248.0,192.0,106.0
847,79.0,21.0,248.0,192.0,107.0
848,80.0,21.0,248.0,193.0,107.0
849,81.0,21.0,248.0,193.0,107.0
850,82.0,21.0,249.0,194.0,107.0
851,83.0,21.0,249.0,194.0,108.0
852,84.0,21.0,249.0,194.0,108.0
853,85.0,21.0,249.0,195.0,108.0
854,86.0,21.0,249.0,195.0,108.0
855,87.0,21.0,249.0,195.0,108.0
856,88.0,21.0,249.0,195.0,108.0
857,89.0,21.0,249.0,195.0,108.0
858,90.0,21.0,249.0,193.0,107.0
859,91.0,21.0,249.0,191.0,106.0
860,92.0,21.0,249.0,191.0,106.0
861,93.0,21.0,249.0,190.0,106.0
862,94.0,20.0,249.0,190.0,106.0
863,95.0,20.0,249.0,190.0,106.0
864,96.0,21.0,249.0,190.0,106.0
865,97.0,20.0,249.0,190.0,105.0
866,98.0,20.0,249.0,190.0,106.0
867,99.0,20.0,249.0,190.0,106.0
868,100.0,20.0,249.0,190.0,106.0
869,101.0,20.0,249.0,190.0,106.0
870,102.0,20.0,249.0,190.0,106.0
871,103.0,20.0,248.0,190.0,105.0
872,104.0,20.0,248.0,190.0,105.0
873,105.0,20.0,249.0,190.0,105.0
874,106.0,20.0,248.0,190.0,105.0
875,107.0,20.0,248.0,190.0,105.0
876,108.0,20.0,248.0,190.0,105.0
877,109.0,20.0,248.0,190.0,105.0
878,110.0,21.0,248.0,190.0,106.0
879,111.0,21.0,248.0,191.0,106.0
880,112.0,21.0,248.0,191.0,106.0
881,113.0,21.0,248.0,191.0,106.0
882,114.0,21.0,248.0,192.0,106.0
883,115.0,21.0,248.0,192.0,106.0
884,116.0,21.0,248.0,192.0,107.0
885,117.0,21.0,248.0,192.0,107.0
886,118.0,21.0,248.0,192.0,106.0
887,119.0,21.0,248.0,191.0,106.0
888,120.0,21.0,248.0,191.0,106.0
889,121.0,21.0,248.0,191.0,106.0
890,122.0,20.0,249.0,191.0,106.0
891,123.0,20.0,249.0,190.0,106.0
892,124.0,19.0,250.0,190.0,106.0
893,125.0,18.0,251.0,189.0,106.0
894,126.0,17.0,252.0,190.0,106.0
895,127.0,16.0,253.0,190.0,106.0
896,128.0,15.0,253.0,190.0,106.0
897,,,,,
898,130.0,14.0,254.0,190.0,107.0
899,131.0,13.0,255.0,190.0,107.0
900,132.0,12.0,255.0,190.0,107.0
901,133.0,11.0,0.0,190.0,107.0
902,134.0,9.0,0.0,190.0,107.0
903,135.0,8.0,1.0,190.0,107.0
904,136.0,7.0,2.0,189.0,107.0
905,137.0,7.0,2.0,189.0,107.0
906,138.0,7.0,1.0,189.0,107.0
907,139.0,6.0,0.0,189.0,107.0
908,140.0,6.0,0.0,189.0,107.0
909,141.0,6.0,0.0,189.0,107.0
910,142.0,7.0,0.0,190.0,107.0
911,143.0,9.0,0.0,189.0,107.0
912,144.0,10.0,0.0,189.0,107.0
913,145.0,10.0,0.0,188.0,106.0
914,146.0,11.0,1.0,189.0,106.0
915,147.0,12.0,1.0,189.0,106.0
916,148.0,13.0,1.0,189.0,106.0
917,149.0,13.0,0.0,190.0,107.0
918,150.0,13.0,0.0,189.0,106.0
919,151.0,13.0,255.0,189.0,106.0
920,152.0,13.0,255.0,190.0,107.0
921,153.0,12.0,255.0,190.0,107.0
922,154.0,12.0,255.0,190.0,107.0
923,155.0,12.0,255.0,190.0,107.0
924,156.0,12.0,254.0,190.0,107.0
925,157.0,12.0,255.0,190.0,107.0
926,158.0,12.0,255.0,191.0,107.0
927,159.0,12.0,255.0,191.0,108.0
928,160.0,12.0,255.0,191.0,108.0
929,161.0,12.0,254.0,192.0,108.0
930,162.0,12.0,254.0,192.0,108.0
931,163.0,12.0,254.0,191.0,108.0
932,164.0,12.0,254.0,191.0,108.0
933,165.0,12.0,255.0,191.0,107.0
934,166.0,12.0,255.0,190.0,107.0
935,167.0,13.0,255.0,190.0,107.0
936,168.0,13.0,255.0,190.0,107.0
937,169.0,13.0,255.0,190.0,107.0
938,170.0,13.0,255.0,190.0,107.0
939,171.0,13.0,255.0,190.0,107.0
940,172.0,13.0,255.0,190.0,107.0
941,173.0,13.0,255.0,190.0,107.0
942,174.0,13.0,255.0,190.0,107.0
943,175.0,13.0,255.0,189.0,106.0
944,176.0,13.0,255.0,189.0,106.0
945,177.0,13.0,255.0,189.0,106.0
946,178.0,13.0,255.0,189.0,106.0
947,179.0,13.0,255.0,189.0,106.0
948,180.0,12.0,255.0,189.0,106.0
949,181.0,12.0,255.0,189.0,106.0
950,182.0,12.0,254.0,189.0,106.0
951,183.0,12.0,254.0,189.0,106.0
952,184.0,12.0,253.0,189.0,106.0
953,185.0,12.0,252.0,189.0,106.0
954,186.0,13.0,251.0,189.0,106.0
955,187.0,14.0,251.0,189.0,106.0
956,188.0,14.0,252.0,189.0,106.0
957,189.0,15.0,253.0,190.0,107.0
958,190.0,15.0,254.0,190.0,107.0
959,191.0,15.0,0.0,190.0,107.0
960,192.0,13.0,1.0,190.0,107.0
961,193.0,11.0,3.0,191.0,108.0
962,194.0,8.0,5.0,191.0,108.0
963,195.0,6.0,6.0,191.0,108.0
964,196.0,5.0,7.0,190.0,107.0
965,197.0,3.0,8.0,189.0,107.0
966,198.0,2.0,8.0,189.0,107.0
967,199.0,1.0,8.0,190.0,107.0
968,200.0,0.0,7.0,190.0,107.0
969,201.0,0.0,6.0,190.0,108.0
970,202.0,0.0,5.0,190.0,108.0
971,203.0,0.0,5.0,190.0,108.0
972,204.0,1.0,4.0,190.0,107.0
973,205.0,1.0,3.0,190.0,107.0
974,206.0,2.0,3.0,189.0,107.0
975,207.0,3.0,3.0,190.0,107.0
976,208.0,3.0,2.0,190.0,107.0
977,209.0,3.0,2.0,189.0,107.0
978,210.0,3.0,2.0,189.0,107.0
979,211.0,3.0,1.0,189.0,107.0
980,212.0,3.0,1.0,189.0,107.0
981,213.0,3.0,1.0,189.0,107.0
982,214.0,4.0,1.0,189.0,107.0
983,215.0,4.0,0.0,189.0,107.0
984,,,,,
985,217.0,4.0,1.0,189.0,107.0
986,218.0,4.0,1.0,189.0,107.0
987,219.0,3.0,1.0,189.0,107.0
988,220.0,3.0,1.0,189.0,107.0
989,,,,,
990,222.0,3.0,2.0,188.0,107.0
991,223.0,4.0,2.0,188.0,106.0
992,224.0,4.0,2.0,188.0,107.0
993,225.0,4.0,1.0,188.0,106.0
994,226.0,4.0,1.0,188.0,106.0
995,227.0,4.0,1.0,188.0,106.0
996,228.0,5.0,1.0,188.0,107.0
997,229.0,5.0,1.0,189.0,107.0
998,230.0,5.0,1.0,189.0,107.0
999,231.0,5.0,1.0,189.0,107.0
1000,232.0,5.0,0.0,189.0,107.0
1001,233.0,5.0,0.0,189.0,107.0
1002,234.0,5.0,0.0,189.0,107.0
1003,235.0,5.0,0.0,189.0,107.0
1004,236.0,5.0,0.0,189.0,107.0
1005,237.0,5.0,1.0,189.0,107.0
1006,238.0,5.0,1.0,189.0,107.0
1007,239.0,5.0,0.0,189.0,107.0
1008,240.0,5.0,0.0,189.0,107.0
1009,241.0,5.0,0.0,189.0,107.0
1010,242.0,5.0,0.0,189.0,107.0
1011,243.0,5.0,0.0,189.0,107.0
1012,244.0,5.0,0.0,189.0,107.0
1013,245.0,5.0,0.0,189.0,107.0
1014,246.0,5.0,0.0,189.0,107.0
1015,247.0,5.0,0.0,189.0,107.0
1016,248.0,5.0,0.0,189.0,107.0
1017,249.0,6.0,0.0,189.0,107.0
1018,250.0,6.0,0.0,189.0,107.0
1019,251.0,6.0,0.0,190.0,108.0
1020,252.0,6.0,1.0,190.0,108.0
1021,253.0,6.0,1.0,190.0,108.0
1022,254.0,6.0,1.0,190.0,108.0
1023,255.0,6.0,1.0,190.0,108.0
1024,0.0,6.0,1.0,190.0,108.0
1025,1.0,6.0,1.0,190.0,108.0
1026,2.0,6.0,1.0,190.0,107.0
1027,3.0,7.0,1.0,190.0,107.0
1028,4.0,7.0,1.0,190.0,107.0
1029,5.0,7.0,1.0,190.0,107.0
1030,6.0,7.0,1.0,190.0,107.0
1031,7.0,8.0,0.0,190.0,107.0
1032,8.0,8.0,0.0,190.0,107.0
1033,9.0,9.0,0.0,190.0,107.0
1034,10.0,9.0,0.0,190.0,107.0
1035,11.0,9.0,0.0,190.0,108.0
1036,12.0,9.0,0.0,191.0,108.0
1037,13.0,9.0,0.0,191.0,108.0
1038,14.0,9.0,0.0,191.0,108.0
1039,15.0,9.0,0.0,191.0,108.0
1040,16.0,9.0,0.0,190.0,108.0
1041,17.0,9.0,0.0,190.0,108.0
1042,18.0,9.0,0.0,190.0,108.0
1043,19.0,9.0,0.0,190.0,107.0
1044,20.0,8.0,0.0,190.0,108.0
1045,21.0,8.0,0.0,190.0,108.0
1046,22.0,7.0,0.0,191.0,108.0
1047,23.0,5.0,1.0,191.0,108.0
1048,24.0,4.0,2.0,191.0,108.0
1049,25.0,4.0,2.0,191.0,108.0
1050,26.0,4.0,3.0,191.0,108.0
1051,27.0,4.0,2.0,191.0,108.0
1052,28.0,5.0,2.0,191.0,108.0
1053,29.0,6.0,2.0,191.0,108.0
1054,30.0,6.0,2.0,191.0,108.0
1055,31.0,7.0,1.0,190.0,107.0
1056,32.0,8.0,0.0,190.0,107.0
1057,33.0,9.0,0.0,190.0,107.0
1058,34.0,10.0,0.0,190.0,107.0
1059,35.0,11.0,255.0,190.0,107.0
1060,36.0,13.0,254.0,190.0,107.0
1061,37.0,13.0,254.0,188.0,106.0
1062,38.0,14.0,253.0,187.0,105.0
1063,39.0,15.0,252.0,188.0,105.0
1064,40.0,16.0,252.0,188.0,105.0
1065,41.0,17.0,252.0,188.0,105.0
1066,42.0,17.0,252.0,189.0,105.0
1067,43.0,17.0,251.0,189.0,105.0
1068,44.0,18.0,251.0,189.0,105.0
1069,45.0,18.0,251.0,189.0,105.0
1070,46.0,17.0,251.0,189.0,105.0
1071,47.0,18.0,251.0,189.0,106.0
1072,48.0,18.0,251.0,190.0,106.0
1073,49.0,18.0,251.0,190.0,106.0
1074,50.0,18.0,251.0,191.0,106.0
1075,51.0,18.0,251.0,191.0,107.0
1076,52.0,18.0,251.0,191.0,107.0
1077,53.0,18.0,251.0,192.0,107.0
1078,54.0,18.0,251.0,192.0,107.0
1079,55.0,18.0,251.0,192.0,107.0
1080,56.0,18.0,251.0,193.0,107.0
1081,57.0,18.0,251.0,193.0,107.0
1082,58.0,19.0,251.0,193.0,107.0
1083,59.0,19.0,250.0,193.0,107.0
1084,60.0,19.0,250.0,192.0,107.0
1085,61.0,20.0,250.0,192.0,107.0
1086,62.0,20.0,250.0,191.0,106.0
1087,63.0,21.0,249.0,191.0,106.0
1088,64.0,22.0,248.0,191.0,106.0
1089,65.0,22.0,248.0,190.0,105.0
1090,66.0,23.0,247.0,190.0,105.0
1091,67.0,23.0,247.0,190.0,105.0
1092,68.0,24.0,247.0,190.0,104.0
1093,,,,,
1094,70.0,23.0,247.0,190.0,105.0
1095,71.0,23.0,247.0,190.0,105.0
1096,72.0,22.0,248.0,191.0,105.0
1097,73.0,22.0,248.0,191.0,105.0
1098,74.0,21.0,249.0,190.0,105.0
1099,75.0,20.0,250.0,190.0,105.0
1100,76.0,19.0,251.0,190.0,106.0
1101,77.0,17.0,252.0,189.0,106.0
1102,78.0,15.0,253.0,189.0,106.0
1103,79.0,14.0,255.0,188.0,106.0
1104,80.0,13.0,255.0,188.0,106.0
1105,81.0,13.0,254.0,189.0,106.0
1106,82.0,14.0,253.0,190.0,106.0
1107,83.0,15.0,251.0,190.0,107.0
1108,84.0,17.0,251.0,191.0,107.0
1109,85.0,19.0,249.0,190.0,106.0
1110,86.0,19.0,249.0,190.0,106.0
1111,87.0,20.0,250.0,190.0,106.0
1112,88.0,20.0,249.0,191.0,106.0
1113,89.0,20.0,249.0,191.0,106.0
1114,90.0,20.0,249.0,191.0,106.0
1115,91.0,20.0,249.0,191.0,106.0
1116,92.0,20.0,249.0,191.0,106.0
1117,93.0,20.0,249.0,191.0,106.0
1118,94.0,20.0,249.0,191.0,106.0
1119,95.0,20.0,249.0,191.0,106.0
1120,96.0,20.0,249.0,191.0,106.0
1121,97.0,20.0,250.0,191.0,106.0
1122,98.0,20.0,250.0,191.0,106.0
1123,99.0,20.0,249.0,191.0,106.0
1124,100.0,20.0,249.0,191.0,106.0
1125,101.0,20.0,249.0,192.0,107.0
1126,102.0,21.0,249.0,192.0,107.0
1127,103.0,21.0,249.0,193.0,107.0
1128,104.0,21.0,249.0,193.0,107.0
1129,105.0,21.0,249.0,193.0,107.0
1130,106.0,21.0,249.0,194.0,107.0
1131,107.0,22.0,250.0,194.0,107.0
1132,108.0,22.0,250.0,194.0,107.0
1133,109.0,22.0,250.0,193.0,107.0
1134,110.0,22.0,250.0,193.0,107.0
1135,111.0,22.0,250.0,193.0,107.0
1136,112.0,22.0,250.0,193.0,107.0
1137,113.0,22.0,250.0,193.0,107.0
1138,114.0,22.0,250.0,193.0,107.0
1139,115.0,23.0,250.0,194.0,107.0
1140,116.0,22.0,250.0,193.0,107.0
1141,117.0,23.0,250.0,193.0,107.0
1142,118.0,23.0,249.0,193.0,107.0
1143,119.0,23.0,249.0,192.0,106.0
1144,120.0,23.0,249.0,193.0,106.0
1145,,,,,
1146,122.0,24.0,248.0,193.0,106.0
1147,123.0,25.0,247.0,193.0,106.0
1148,124.0,25.0,247.0,193.0,106.0
1149,125.0,25.0,247.0,193.0,106.0
1150,126.0,25.0,247.0,193.0,106.0
1151,127.0,25.0,247.0,193.0,106.0
1152,128.0,26.0,247.0,193.0,106.0
1153,129.0,26.0,247.0,193.0,106.0
1154,130.0,26.0,247.0,193.0,106.0
1155,131.0,27.0,246.0,194.0,106.0
1156,132.0,27.0,246.0,194.0,106.0
1157,133.0,27.0,246.0,194.0,106.0
1158,134.0,28.0,246.0,194.0,106.0
1159,135.0,28.0,246.0,195.0,106.0
1160,136.0,28.0,246.0,195.0,106.0
1161,137.0,28.0,246.0,195.0,106.0
1162,138.0,27.0,246.0,195.0,106.0
1163,139.0,27.0,246.0,194.0,106.0
1164,140.0,27.0,246.0,194.0,106.0
1165,141.0,27.0,246.0,194.0,106.0
1166,142.0,27.0,246.0,194.0,106.0
1167,143.0,27.0,246.0,194.0,106.0
1168,144.0,27.0,246.0,193.0,106.0
1169,145.0,27.0,246.0,193.0,106.0
1170,146.0,27.0,246.0,193.0,106.0
1171,,,,,
1172,148.0,26.0,246.0,193.0,106.0
1173,149.0,26.0,246.0,193.0,106.0
1174,150.0,26.0,246.0,193.0,106.0
1175,151.0,26.0,246.0,194.0,106.0
1176,152.0,26.0,246.0,194.0,106.0
1177,153.0,26.0,246.0,194.0,106.0
1178,154.0,26.0,246.0,194.0,106.0
1179,,,,,
1180,156.0,27.0,246.0,195.0,107.0
1181,157.0,27.0,246.0,195.0,106.0
1182,158.0,27.0,246.0,195.0,106.0
1183,159.0,26.0,246.0,194.0,106.0
1184,160.0,26.0,246.0,194.0,106.0
1185,161.0,26.0,246.0,194.0,106.0
1186,162.0,26.0,246.0,193.0,106.0
1187,163.0,26.0,246.0,193.0,106.0
1188,164.0,27.0,246.0,193.0,106.0
1189,165.0,27.0,246.0,194.0,106.0
1190,166.0,27.0,246.0,194.0,106.0
1191,167.0,27.0,246.0,194.0,106.0
1192,168.0,27.0,246.0,193.0,106.0
1193,169.0,27.0,245.0,194.0,106.0
1194,170.0,27.0,245.0,194.0,106.0
1195,171.0,28.0,245.0,194.0,106.0
1196,172.0,28.0,245.0,194.0,105.0
1197,173.0,28.0,245.0,194.0,105.0
1198,174.0,29.0,244.0,194.0,105.0
1199,175.0,29.0,245.0,194.0,105.0
1200,176.0,29.0,245.0,194.0,105.0
1201,177.0,29.0,245.0,194.0,105.0
1202,178.0,29.0,245.0,194.0,105.0
1203,179.0,29.0,245.0,193.0,105.0
1204,180.0,29.0,245.0,194.0,105.0
1205,181.0,29.0,245.0,193.0,105.0
1206,182.0,29.0,246.0,193.0,105.0
1207,183.0,29.0,246.0,193.0,105.0
1208,184.0,29.0,246.0,193.0,105.0
1209,185.0,29.0,245.0,193.0,105.0
1210,186.0,29.0,245.0,193.0,105.0
1211,187.0,29.0,245.0,194.0,105.0
1212,188.0,29.0,244.0,194.0,105.0
1213,189.0,29.0,245.0,193.0,105.0
1214,190.0,29.0,244.0,193.0,104.0
1215,,,,,
1216,192.0,30.0,243.0,192.0,103.0
1217,193.0,32.0,242.0,191.0,103.0
1218,194.0,34.0,241.0,192.0,102.0
1219,195.0,35.0,240.0,193.0,102.0
1220,196.0,34.0,240.0,194.0,103.0
1221,197.0,34.0,242.0,195.0,104.0
1222,198.0,33.0,243.0,195.0,105.0
1223,199.0,33.0,245.0,195.0,105.0
1224,200.0,32.0,246.0,196.0,106.0
1225,201.0,31.0,248.0,197.0,107.0
1226,202.0,30.0,249.0,196.0,107.0
1227,203.0,29.0,249.0,196.0,107.0
1228,204.0,27.0,249.0,196.0,108.0
1229,205.0,25.0,250.0,196.0,108.0
1230,206.0,25.0,250.0,196.0,108.0
1231,207.0,24.0,250.0,196.0,108.0
1232,208.0,24.0,250.0,196.0,108.0
1233,209.0,23.0,250.0,195.0,108.0
1234,210.0,23.0,250.0,195.0,108.0
1235,211.0,23.0,249.0,195.0,108.0
1236,212.0,23.0,248.0,195.0,108.0
1237,213.0,24.0,248.0,195.0,108.0
1238,214.0,24.0,247.0,195.0,107.0
1239,215.0,25.0,247.0,195.0,107.0
1240,216.0,25.0,247.0,195.0,107.0
1241,217.0,26.0,246.0,195.0,107.0
1242,218.0,26.0,246.0,195.0,107.0
1243,219.0,26.0,246.0,195.0,107.0
1244,220.0,26.0,246.0,195.0,107.0
1245,221.0,26.0,247.0,195.0,107.0
1246,222.0,26.0,247.0,195.0,107.0
1247,223.0,26.0,247.0,195.0,107.0
1248,,,,,
1249,225.0,26.0,247.0,195.0,107.0
1250,226.0,26.0,247.0,195.0,107.0
1251,227.0,26.0,247.0,195.0,107.0
1252,,,,,
1253,229.0,26.0,246.0,195.0,107.0
1254,230.0,26.0,246.0,195.0,107.0
1255,231.0,26.0,246.0,195.0,107.0
1256,232.0,27.0,246.0,195.0,107.0
1257,233.0,27.0,246.0,195.0,107.0
1258,234.0,27.0,246.0,195.0,107.0
1259,235.0,27.0,247.0,195.0,107.0
1260,236.0,26.0,247.0,195.0,107.0
1261,237.0,26.0,247.0,195.0,107.0
1262,238.0,26.0,246.0,195.0,107.0
1263,239.0,27.0,246.0,195.0,107.0
1264,240.0,27.0,246.0,195.0,107.0
1265,241.0,27.0,246.0,195.0,107.0
1266,242.0,27.0,246.0,195.0,107.0
1267,243.0,27.0,246.0,195.0,107.0
1268,244.0,27.0,246.0,195.0,107.0
1269,245.0,27.0,246.0,195.0,107.0
1270,246.0,27.0,246.0,195.0,107.0
1271,,,,,
1272,248.0,27.0,246.0,195.0,107.0
1273,249.0,27.0,246.0,195.0,106.0
1274,250.0,27.0,246.0,195.0,107.0
1275,251.0,27.0,246.0,195.0,107.0
1276,252.0,27.0,246.0,195.0,107.0
1277,253.0,27.0,246.0,195.0,107.0
1278,254.0,27.0,246.0,195.0,107.0
1279,255.0,27.0,246.0,195.0,107.0
1280,0.0,27.0,246.0,195.0,107.0
1281,1.0,27.0,246.0,195.0,107.0
1282,,,,,
1283,3.0,27.0,246.0,195.0,107.0
1284,4.0,27.0,246.0,195.0,107.0
1285,5.0,27.0,246.0,195.0,107.0
1286,6.0,27.0,246.0,195.0,107.0
1287,7.0,27.0,246.0,195.0,107.0
1288,8.0,27.0,246.0,195.0,107.0
1289,9.0,27.0,246.0,195.0,106.0
1290,10.0,27.0,246.0,195.0,106.0
1291,11.0,27.0,246.0,195.0,106.0
1292,12.0,27.0,246.0,195.0,106.0
1293,13.0,27.0,246.0,195.0,106.0
1294,14.0,27.0,246.0,195.0,106.0
1295,,,,,
1296,16.0,27.0,246.0,195.0,106.0
1297,17.0,27.0,245.0,195.0,106.0
1298,18.0,27.0,245.0,195.0,106.0
1299,19.0,27.0,245.0,195.0,106.0
1300,20.0,27.0,245.0,195.0,106.0
1301,21.0,27.0,245.0,195.0,107.0
1302,22.0,27.0,245.0,195.0,107.0
1303,23.0,27.0,245.0,195.0,106.0
1304,24.0,27.0,245.0,195.0,106.0
1305,25.0,27.0,245.0,195.0,106.0
1306,26.0,27.0,245.0,195.0,106.0
1307,27.0,27.0,245.0,195.0,106.0
1308,28.0,27.0,245.0,195.0,106.0
1309,29.0,27.0,246.0,195.0,106.0
1310,30.0,27.0,245.0,195.0,106.0
1311,31.0,27.0,245.0,195.0,106.0
1312,32.0,27.0,246.0,195.0,106.0
1313,33.0,27.0,246.0,195.0,106.0
1314,34.0,27.0,246.0,195.0,106.0
1315,35.0,27.0,246.0,195.0,106.0
1316,36.0,27.0,246.0,195.0,106.0
1317,37.0,27.0,246.0,195.0,106.0
1318,38.0,27.0,246.0,195.0,106.0
1319,39.0,27.0,246.0,195.0,106.0
1320,40.0,27.0,246.0,195.0,106.0
1321,41.0,27.0,246.0,195.0,106.0
1322,42.0,27.0,246.0,194.0,106.0
1323,43.0,27.0,246.0,194.0,106.0
1324,44.0,26.0,246.0,194.0,106.0
1325,45.0,26.0,246.0,193.0,106.0
1326,46.0,26.0,246.0,193.0,106.0
1327,47.0,26.0,245.0,193.0,105.0
1328,48.0,26.0,245.0,192.0,105.0
1329,49.0,26.0,245.0,192.0,105.0
1330,50.0,25.0,245.0,192.0,105.0
1331,51.0,24.0,246.0,192.0,105.0
1332,52.0,23.0,247.0,191.0,105.0
1333,53.0,22.0,249.0,191.0,106.0
1334,54.0,22.0,251.0,191.0,106.0
1335,55.0,21.0,252.0,192.0,106.0
1336,56.0,19.0,253.0,191.0,107.0
1337,57.0,18.0,254.0,191.0,107.0
1338,58.0,17.0,254.0,190.0,106.0
1339,59.0,16.0,255.0,190.0,106.0
1340,60.0,14.0,0.0,190.0,106.0
1341,61.0,13.0,0.0,189.0,106.0
1342,62.0,12.0,1.0,188.0,106.0
1343,63.0,11.0,1.0,187.0,105.0
1344,64.0,11.0,1.0,185.0,104.0
1345,65.0,11.0,0.0,185.0,104.0
1346,66.0,12.0,255.0,186.0,104.0
1347,67.0,12.0,255.0,187.0,105.0
1348,68.0,13.0,253.0,189.0,106.0
1349,69.0,14.0,252.0,191.0,107.0
1350,70.0,15.0,252.0,191.0,107.0
1351,71.0,15.0,252.0,191.0,107.0
1352,72.0,15.0,252.0,189.0,106.0
1353,73.0,16.0,252.0,187.0,104.0
1354,74.0,15.0,252.0,185.0,103.0
1355,75.0,16.0,253.0,185.0,103.0
1356,76.0,16.0,253.0,186.0,104.0
1357,77.0,16.0,254.0,185.0,103.0
1358,78.0,15.0,254.0,185.0,103.0
1359,79.0,16.0,255.0,184.0,102.0
1360,80.0,18.0,255.0,183.0,102.0
1361,81.0,18.0,0.0,184.0,102.0
1362,82.0,19.0,254.0,184.0,102.0
1363,,,,,
1364,84.0,20.0,252.0,187.0,104.0
1365,85.0,21.0,252.0,188.0,104.0
1366,86.0,21.0,252.0,189.0,105.0
1367,87.0,21.0,252.0,189.0,105.0
1368,88.0,22.0,251.0,191.0,106.0
1369,89.0,22.0,251.0,192.0,106.0
1370,90.0,22.0,251.0,192.0,107.0
1371,91.0,22.0,251.0,193.0,107.0
1372,92.0,22.0,252.0,194.0,108.0
1373,,,,,
1374,94.0,22.0,251.0,195.0,108.0
1375,95.0,22.0,251.0,195.0,108.0
1376,96.0,22.0,250.0,196.0,108.0
1377,97.0,23.0,250.0,196.0,108.0
1378,98.0,23.0,250.0,195.0,108.0
1379,99.0,23.0,250.0,195.0,108.0
1380,100.0,23.0,250.0,194.0,107.0
1381,101.0,23.0,250.0,193.0,107.0
1382,102.0,23.0,250.0,193.0,107.0
1383,103.0,23.0,250.0,193.0,107.0
1384,104.0,23.0,250.0,194.0,107.0
1385,105.0,23.0,250.0,194.0,108.0
1386,106.0,23.0,250.0,195.0,108.0
1387,107.0,23.0,250.0,195.0,108.0
1388,108.0,23.0,250.0,195.0,108.0
1389,109.0,23.0,250.0,195.0,108.0
1390,110.0,23.0,250.0,195.0,108.0
1391,111.0,23.0,250.0,195.0,108.0
1392,112.0,23.0,250.0,195.0,108.0
1393,113.0,23.0,250.0,195.0,108.0
1394,114.0,24.0,250.0,195.0,108.0
1395,115.0,24.0,250.0,195.0,108.0
1396,116.0,24.0,250.0,195.0,108.0
1397,117.0,24.0,250.0,195.0,108.0
1398,118.0,24.0,250.0,194.0,107.0
1399,119.0,24.0,250.0,194.0,107.0
1400,120.0,24.0,250.0,194.0,107.0
1401,121.0,24.0,250.0,194.0,107.0
1402,122.0,24.0,250.0,194.0,107.0
1403,123.0,25.0,250.0,194.0,107.0
1404,124.0,25.0,249.0,194.0,107.0
1405,125.0,25.0,250.0,194.0,107.0
1406,126.0,25.0,250.0,194.0,107.0
1407,127.0,25.0,250.0,194.0,107.0
1408,128.0,25.0,250.0,195.0,107.0
1409,129.0,25.0,250.0,195.0,107.0
1410,130.0,25.0,250.0,195.0,107.0
1411,131.0,25.0,250.0,195.0,108.0
1412,132.0,25.0,250.0,195.0,108.0
1413,133.0,25.0,249.0,195.0,108.0
1414,134.0,25.0,249.0,196.0,108.0
1415,135.0,25.0,249.0,196.0,108.0
1416,136.0,26.0,249.0,195.0,108.0
1417,137.0,26.0,249.0,195.0,107.0
1418,138.0,26.0,249.0,195.0,107.0
1419,139.0,26.0,249.0,195.0,107.0
1420,140.0,26.0,249.0,195.0,107.0
1421,141.0,26.0,249.0,195.0,107.0
1422,142.0,26.0,249.0,195.0,107.0
1423,143.0,26.0,249.0,195.0,107.0
1424,144.0,26.0,249.0,195.0,107.0
1425,145.0,26.0,249.0,195.0,107.0
1426,146.0,26.0,249.0,195.0,107.0
1427,147.0,25.0,249.0,195.0,107.0
1428,148.0,25.0,249.0,195.0,107.0
1429,149.0,25.0,249.0,195.0,107.0
1430,150.0,25.0,249.0,195.0,107.0
1431,151.0,25.0,249.0,195.0,107.0
1432,152.0,25.0,249.0,195.0,107.0
1433,153.0,25.0,249.0,195.0,107.0
1434,154.0,25.0,249.0,195.0,107.0
1435,155.0,26.0,249.0,195.0,107.0
1436,156.0,26.0,249.0,195.0,107.0
1437,157.0,26.0,249.0,195.0,107.0
1438,158.0,26.0,249.0,195.0,107.0
1439,159.0,26.0,249.0,195.0,107.0
1440,160.0,26.0,249.0,196.0,107.0
1441,161.0,26.0,249.0,196.0,107.0
1442,162.0,26.0,249.0,195.0,107.0
1443,163.0,26.0,249.0,195.0,107.0
1444,164.0,26.0,249.0,195.0,107.0
1445,165.0,26.0,249.0,195.0,107.0
1446,166.0,26.0,249.0,195.0,107.0
1447,167.0,26.0,249.0,195.0,107.0
1448,168.0,26.0,249.0,195.0,107.0
1449,169.0,25.0,249.0,195.0,107.0
1450,170.0,25.0,249.0,195.0,108.0
1451,171.0,25.0,248.0,195.0,107.0
1452,172.0,26.0,247.0,195.0,107.0
1453,173.0,26.0,247.0,195.0,107.0
1454,174.0,27.0,246.0,195.0,107.0
1455,175.0,28.0,245.0,196.0,107.0
1456,176.0,28.0,245.0,196.0,107.0
1457,177.0,29.0,244.0,196.0,106.0
1458,178.0,30.0,243.0,195.0,106.0
1459,179.0,31.0,243.0,195.0,105.0
1460,180.0,33.0,243.0,196.0,105.0
1461,181.0,34.0,243.0,196.0,105.0
1462,182.0,34.0,243.0,196.0,105.0
1463,183.0,34.0,244.0,196.0,105.0
1464,184.0,33.0,245.0,196.0,105.0
1465,185.0,32.0,247.0,196.0,106.0
1466,186.0,31.0,250.0,197.0,107.0
1467,187.0,29.0,252.0,197.0,107.0
1468,188.0,28.0,255.0,195.0,107.0
1469,189.0,24.0,1.0,194.0,107.0
1470,190.0,20.0,2.0,193.0,107.0
1471,191.0,17.0,2.0,191.0,107.0
1472,192.0,16.0,2.0,193.0,108.0
1473,193.0,15.0,3.0,193.0,108.0
1474,194.0,16.0,1.0,194.0,109.0
1475,195.0,18.0,255.0,196.0,109.0
1476,196.0,20.0,253.0,196.0,109.0
1477,197.0,22.0,251.0,197.0,109.0
1478,198.0,22.0,251.0,197.0,109.0
1479,199.0,22.0,251.0,197.0,110.0
1480,200.0,22.0,252.0,197.0,110.0
1481,201.0,22.0,252.0,198.0,110.0
1482,202.0,22.0,253.0,197.0,109.0
1483,203.0,22.0,254.0,197.0,109.0
1484,204.0,21.0,255.0,197.0,109.0
1485,205.0,21.0,254.0,196.0,109.0
1486,206.0,21.0,254.0,196.0,109.0
1487,207.0,21.0,254.0,197.0,109.0
1488,208.0,21.0,254.0,196.0,109.0
1489,209.0,21.0,254.0,197.0,109.0
1490,210.0,20.0,254.0,197.0,110.0
1491,211.0,19.0,254.0,197.0,110.0
1492,212.0,18.0,255.0,197.0,110.0
1493,213.0,16.0,0.0,197.0,110.0
1494,214.0,15.0,0.0,197.0,111.0
1495,215.0,14.0,1.0,197.0,111.0
1496,216.0,14.0,1.0,197.0,110.0
1497,217.0,14.0,1.0,196.0,110.0
1498,218.0,14.0,1.0,195.0,110.0
1499,219.0,14.0,1.0,195.0,110.0
1500,220.0,15.0,0.0,196.0,110.0
1501,221.0,16.0,255.0,195.0,109.0
1502,222.0,17.0,254.0,195.0,109.0
1503,223.0,18.0,254.0,196.0,110.0
1504,224.0,19.0,254.0,196.0,110.0
1505,225.0,19.0,253.0,197.0,110.0
1506,226.0,20.0,252.0,197.0,109.0
1507,227.0,22.0,252.0,196.0,109.0
1508,228.0,23.0,252.0,196.0,109.0
1509,229.0,24.0,252.0,196.0,108.0
1510,230.0,24.0,251.0,196.0,108.0
1511,231.0,25.0,251.0,196.0,108.0
1512,232.0,25.0,251.0,196.0,108.0
1513,233.0,25.0,252.0,196.0,108.0
1514,234.0,24.0,252.0,197.0,109.0
1515,235.0,24.0,253.0,197.0,109.0
1516,236.0,22.0,254.0,197.0,109.0
1517,237.0,22.0,254.0,197.0,109.0
1518,238.0,22.0,253.0,198.0,110.0
1519,239.0,23.0,253.0,198.0,110.0
1520,240.0,23.0,252.0,198.0,110.0
1521,,,,,
1522,,,,,
1523,243.0,23.0,252.0,198.0,110.0
1524,244.0,24.0,252.0,199.0,110.0
1525,,,,,
1526,246.0,24.0,252.0,198.0,110.0
1527,247.0,24.0,251.0,198.0,109.0
1528,248.0,25.0,251.0,197.0,109.0
1529,249.0,25.0,251.0,197.0,109.0
1530,250.0,24.0,251.0,197.0,109.0
1531,251.0,24.0,251.0,197.0,109.0
1532,252.0,24.0,251.0,196.0,108.0
1533,253.0,24.0,251.0,196.0,108.0
1534,254.0,24.0,252.0,196.0,108.0
1535,255.0,24.0,252.0,196.0,108.0
1536,0.0,24.0,252.0,195.0,108.0
1537,1.0,24.0,252.0,195.0,108.0
1538,2.0,24.0,252.0,195.0,108.0
1539,3.0,24.0,252.0,195.0,108.0
1540,4.0,24.0,252.0,195.0,108.0
1541,5.0,23.0,252.0,195.0,108.0
1542,6.0,23.0,252.0,195.0,108.0
1543,7.0,23.0,252.0,195.0,108.0
1544,8.0,23.0,252.0,195.0,108.0
1545,9.0,23.0,252.0,194.0,108.0
1546,10.0,23.0,252.0,194.0,108.0
1547,11.0,22.0,252.0,193.0,107.0
1548,12.0,22.0,253.0,193.0,107.0
1549,13.0,22.0,253.0,193.0,107.0
1550,14.0,22.0,253.0,193.0,107.0
1551,15.0,22.0,252.0,192.0,107.0
1552,16.0,22.0,252.0,192.0,107.0
1553,17.0,22.0,252.0,192.0,107.0
1554,18.0,22.0,252.0,192.0,107.0
1555,19.0,22.0,252.0,192.0,107.0
1556,20.0,22.0,252.0,192.0,107.0
1557,21.0,22.0,252.0,194.0,107.0
1558,22.0,23.0,251.0,196.0,108.0
1559,23.0,23.0,251.0,197.0,109.0
1560,24.0,24.0,250.0,197.0,109.0
1561,25.0,25.0,250.0,197.0,109.0
1562,26.0,25.0,250.0,197.0,108.0
1563,27.0,25.0,251.0,196.0,108.0
1564,28.0,24.0,251.0,196.0,108.0
1565,29.0,24.0,251.0,196.0,108.0
1566,30.0,24.0,251.0,195.0,108.0
1567,31.0,25.0,251.0,195.0,108.0
1568,32.0,25.0,251.0,195.0,108.0
1569,,,,,
1570,,,,,
1571,35.0,25.0,251.0,195.0,108.0
1572,36.0,24.0,251.0,195.0,108.0
1573,37.0,24.0,251.0,195.0,108.0
1574,38.0,24.0,251.0,195.0,108.0
1575,39.0,24.0,251.0,195.0,108.0
1576,40.0,24.0,251.0,195.0,108.0
1577,41.0,24.0,251.0,195.0,108.0
1578,42.0,24.0,251.0,195.0,108.0
1579,43.0,25.0,251.0,196.0,108.0
1580,44.0,24.0,251.0,195.0,108.0
1581,45.0,24.0,251.0,195.0,108.0
1582,46.0,24.0,251.0,195.0,108.0
1583,47.0,24.0,250.0,195.0,108.0
1584,48.0,24.0,250.0,195.0,108.0
1585,49.0,24.0,250.0,195.0,108.0
1586,50.0,24.0,250.0,195.0,108.0
1587,51.0,24.0,250.0,195.0,108.0
1588,52.0,24.0,250.0,195.0,108.0
1589,53.0,24.0,250.0,195.0,108.0
1590,54.0,24.0,250.0,195.0,108.0
1591,55.0,24.0,250.0,195.0,108.0
1592,56.0,24.0,250.0,195.0,108.0
1593,57.0,24.0,250.0,195.0,108.0
1594,58.0,24.0,250.0,195.0,108.0
1595,59.0,25.0,250.0,195.0,108.0
1596,60.0,25.0,250.0,195.0,108.0
1597,61.0,25.0,250.0,195.0,108.0
1598,62.0,25.0,250.0,195.0,108.0
1599,63.0,25.0,250.0,195.0,108.0
1600,64.0,25.0,250.0,195.0,108.0
1601,65.0,25.0,250.0,195.0,108.0
1602,66.0,25.0,250.0,196.0,108.0
1603,67.0,25.0,250.0,196.0,108.0
1604,68.0,25.0,250.0,195.0,108.0
1605,69.0,25.0,250.0,196.0,108.0
1606,70.0,25.0,250.0,196.0,108.0
1607,71.0,25.0,250.0,195.0,108.0
1608,72.0,25.0,250.0,195.0,108.0
1609,73.0,25.0,250.0,195.0,108.0
1610,74.0,25.0,250.0,196.0,108.0
1611,75.0,25.0,250.0,196.0,108.0
1612,76.0,25.0,250.0,196.0,108.0
1613,77.0,25.0,250.0,196.0,108.0
1614,78.0,25.0,250.0,196.0,108.0
1615,79.0,25.0,250.0,196.0,108.0
1616,80.0,25.0,250.0,196.0,108.0
1617,81.0,25.0,250.0,196.0,108.0
1618,82.0,25.0,250.0,196.0,108.0
1619,83.0,26.0,250.0,195.0,108.0
1620,84.0,26.0,250.0,195.0,108.0
1621,85.0,26.0,249.0,196.0,108.0
1622,86.0,26.0,249.0,196.0,108.0
1623,87.0,26.0,249.0,196.0,108.0
1624,88.0,26.0,249.0,196.0,108.0
1625,89.0,26.0,249.0,196.0,108.0
1626,90.0,26.0,249.0,196.0,108.0
1627,91.0,26.0,249.0,196.0,108.0
1628,92.0,26.0,249.0,196.0,108.0
1629,93.0,26.0,249.0,196.0,108.0
1630,94.0,26.0,249.0,195.0,107.0
1631,95.0,26.0,248.0,194.0,106.0
1632,96.0,26.0,246.0,193.0,106.0
1633,97.0,27.0,245.0,193.0,105.0
1634,98.0,27.0,245.0,193.0,105.0
1635,99.0,26.0,246.0,193.0,106.0
1636,100.0,25.0,247.0,193.0,106.0
1637,101.0,23.0,248.0,193.0,107.0
1638,102.0,22.0,248.0,193.0,107.0
1639,103.0,22.0,249.0,193.0,107.0
1640,104.0,22.0,249.0,193.0,107.0
1641,105.0,22.0,249.0,194.0,107.0
1642,106.0,22.0,249.0,195.0,108.0
1643,107.0,22.0,248.0,195.0,108.0
1644,108.0,23.0,249.0,196.0,108.0
1645,109.0,23.0,249.0,196.0,108.0
1646,110.0,23.0,249.0,195.0,108.0
1647,111.0,23.0,249.0,195.0,108.0
1648,112.0,24.0,249.0,195.0,108.0
1649,113.0,24.0,249.0,195.0,108.0
1650,114.0,24.0,249.0,195.0,108.0
1651,115.0,24.0,249.0,195.0,108.0
1652,116.0,24.0,249.0,195.0,108.0
1653,117.0,24.0,250.0,195.0,108.0
1654,118.0,24.0,250.0,195.0,107.0
1655,119.0,24.0,250.0,195.0,107.0
1656,120.0,24.0,250.0,195.0,107.0
1657,121.0,24.0,250.0,195.0,107.0
1658,122.0,24.0,250.0,195.0,107.0
1659,,,,,
1660,124.0,24.0,249.0,195.0,107.0
1661,125.0,24.0,249.0,195.0,107.0
1662,126.0,24.0,249.0,195.0,107.0
1663,127.0,24.0,249.0,195.0,107.0
1664,128.0,24.0,249.0,195.0,107.0
1665,129.0,24.0,249.0,195.0,107.0
1666,130.0,24.0,249.0,195.0,107.0
1667,131.0,24.0,249.0,195.0,107.0
1668,132.0,24.0,249.0,195.0,107.0
1669,133.0,24.0,249.0,195.0,107.0
1670,134.0,24.0,249.0,195.0,107.0
1671,135.0,24.0,249.0,195.0,107.0
1672,136.0,24.0,249.0,195.0,107.0
1673,137.0,24.0,249.0,195.0,107.0
1674,138.0,24.0,249.0,195.0,107.0
1675,139.0,24.0,249.0,195.0,107.0
1676,140.0,24.0,249.0,195.0,107.0
1677,141.0,24.0,249.0,195.0,107.0
1678,142.0,24.0,249.0,195.0,107.0
1679,143.0,24.0,250.0,195.0,108.0
1680,144.0,24.0,250.0,195.0,107.0
1681,145.0,24.0,250.0,195.0,107.0
1682,146.0,24.0,249.0,195.0,107.0
1683,147.0,24.0,249.0,195.0,107.0
1684,148.0,24.0,249.0,195.0,108.0
1685,149.0,24.0,249.0,195.0,107.0
1686,150.0,24.0,250.0,195.0,107.0
1687,151.0,24.0,249.0,195.0,108.0
1688,152.0,24.0,249.0,195.0,108.0
1689,,,,,
1690,154.0,24.0,250.0,195.0,108.0
1691,155.0,24.0,250.0,195.0,108.0
1692,156.0,24.0,249.0,195.0,108.0
1693,157.0,24.0,250.0,195.0,108.0
1694,158.0,24.0,250.0,195.0,108.0
1695,,,,,
1696,160.0,24.0,250.0,195.0,108.0
1697,161.0,24.0,250.0,195.0,108.0
1698,162.0,24.0,250.0,195.0,108.0
1699,163.0,24.0,250.0,195.0,108.0
1700,164.0,24.0,250.0,195.0,108.0
1701,165.0,24.0,250.0,195.0,108.0
1702,166.0,24.0,250.0,195.0,108.0
1703,167.0,24.0,250.0,195.0,108.0
1704,168.0,24.0,250.0,195.0,108.0
1705,169.0,24.0,250.0,195.0,108.0
1706,170.0,24.0,250.0,195.0,108.0
1707,171.0,24.0,250.0,195.0,108.0
1708,172.0,24.0,250.0,195.0,108.0
1709,173.0,24.0,250.0,195.0,108.0
1710,174.0,24.0,250.0,195.0,108.0
1711,175.0,24.0,250.0,195.0,108.0
1712,176.0,24.0,250.0,195.0,108.0
1713,177.0,24.0,250.0,195.0,108.0
1714,178.0,24.0,250.0,195.0,107.0
1715,179.0,24.0,250.0,195.0,108.0
1716,180.0,24.0,250.0,195.0,108.0
1717,181.0,24.0,250.0,195.0,108.0
1718,182.0,24.0,250.0,195.0,108.0
1719,183.0,24.0,250.0,195.0,108.0
1720,184.0,24.0,250.0,195.0,108.0
1721,185.0,24.0,250.0,195.0,108.0
1722,186.0,24.0,250.0,195.0,108.0
1723,187.0,25.0,250.0,195.0,107.0
1724,188.0,25.0,250.0,195.0,107.0
1725,189.0,25.0,250.0,194.0,107.0
1726,190.0,25.0,250.0,195.0,107.0
1727,191.0,25.0,250.0,195.0,107.0
1728,192.0,25.0,250.0,195.0,107.0
1729,193.0,25.0,249.0,195.0,107.0
1730,194.0,24.0,250.0,195.0,107.0
1731,195.0,24.0,250.0,195.0,108.0
1732,196.0,24.0,250.0,195.0,108.0
1733,197.0,24.0,251.0,195.0,108.0
1734,198.0,24.0,250.0,194.0,107.0
1735,199.0,24.0,250.0,194.0,107.0
1736,200.0,24.0,251.0,194.0,107.0
1737,201.0,24.0,251.0,194.0,107.0
1738,202.0,24.0,251.0,194.0,107.0
1739,203.0,24.0,251.0,194.0,107.0
1740,204.0,24.0,251.0,194.0,107.0
1741,205.0,24.0,250.0,193.0,107.0
1742,206.0,24.0,251.0,193.0,107.0
1743,207.0,24.0,251.0,193.0,107.0
1744,208.0,24.0,251.0,193.0,107.0
1745,209.0,24.0,251.0,193.0,107.0
1746,210.0,24.0,251.0,193.0,107.0
1747,211.0,24.0,251.0,193.0,107.0
1748,212.0,24.0,251.0,193.0,107.0
1749,213.0,24.0,251.0,193.0,107.0
1750,214.0,24.0,251.0,193.0,107.0
1751,215.0,24.0,251.0,193.0,107.0
1752,216.0,24.0,250.0,193.0,107.0
1753,217.0,24.0,251.0,193.0,107.0
1754,218.0,24.0,250.0,193.0,107.0
1755,219.0,23.0,251.0,193.0,107.0
1756,220.0,24.0,250.0,193.0,107.0
1757,221.0,24.0,251.0,193.0,107.0
1758,222.0,24.0,250.0,193.0,107.0
1759,223.0,24.0,250.0,193.0,107.0
1760,,,,,
1761,225.0,24.0,250.0,193.0,107.0
1762,226.0,23.0,250.0,193.0,107.0
1763,227.0,23.0,250.0,193.0,107.0
1764,228.0,23.0,250.0,193.0,107.0
1765,229.0,23.0,250.0,193.0,107.0
1766,230.0,23.0,250.0,193.0,107.0
1767,231.0,23.0,250.0,193.0,107.0
1768,232.0,23.0,250.0,193.0,107.0
1769,233.0,23.0,250.0,193.0,107.0
1770,234.0,23.0,250.0,192.0,106.0
1771,235.0,23.0,250.0,192.0,106.0
1772,236.0,23.0,250.0,192.0,106.0
1773,237.0,23.0,250.0,192.0,106.0
1774,238.0,23.0,250.0,192.0,106.0
1775,239.0,23.0,250.0,193.0,106.0
1776,240.0,23.0,251.0,193.0,107.0
1777,241.0,23.0,251.0,193.0,107.0
1778,242.0,24.0,252.0,193.0,107.0
1779,243.0,23.0,252.0,194.0,108.0
1780,244.0,23.0,253.0,195.0,108.0
1781,245.0,22.0,253.0,195.0,108.0
1782,246.0,21.0,253.0,195.0,108.0
1783,247.0,22.0,252.0,194.0,108.0
1784,248.0,22.0,252.0,194.0,108.0
1785,249.0,22.0,252.0,194.0,108.0
1786,250.0,22.0,252.0,194.0,108.0
1787,251.0,23.0,252.0,194.0,108.0
1788,252.0,23.0,252.0,195.0,108.0
1789,253.0,23.0,252.0,196.0,108.0
1790,,,,,
1791,255.0,23.0,252.0,196.0,109.0
1792,0.0,22.0,252.0,196.0,109.0
1793,1.0,22.0,252.0,196.0,109.0
1794,2.0,22.0,253.0,196.0,109.0
1795,3.0,22.0,252.0,196.0,109.0
1796,4.0,22.0,252.0,196.0,109.0
1797,5.0,22.0,252.0,196.0,109.0
1798,6.0,22.0,252.0,196.0,109.0
1799,7.0,22.0,252.0,195.0,108.0
1800,8.0,22.0,252.0,195.0,108.0
1801,9.0,22.0,251.0,195.0,108.0
1802,10.0,22.0,251.0,195.0,108.0
1803,11.0,22.0,251.0,195.0,108.0
1804,12.0,22.0,251.0,195.0,108.0
1805,13.0,22.0,251.0,195.0,108.0
1806,14.0,22.0,251.0,195.0,108.0
1807,,,,,
1808,16.0,23.0,251.0,195.0,108.0
1809,,,,,
1810,18.0,23.0,251.0,195.0,108.0
1811,19.0,23.0,251.0,195.0,108.0
1812,20.0,23.0,251.0,195.0,108.0
1813,21.0,23.0,251.0,195.0,108.0
1814,22.0,23.0,251.0,195.0,108.0
1815,23.0,23.0,251.0,195.0,108.0
1816,24.0,24.0,251.0,196.0,108.0
1817,25.0,24.0,251.0,196.0,108.0
1818,26.0,24.0,250.0,196.0,108.0
1819,27.0,24.0,251.0,196.0,108.0
1820,28.0,24.0,251.0,196.0,108.0
1821,29.0,24.0,251.0,196.0,108.0
1822,30.0,24.0,250.0,196.0,108.0
1823,31.0,24.0,250.0,196.0,108.0
1824,32.0,24.0,250.0,196.0,108.0
1825,,,,,
1826,34.0,24.0,250.0,196.0,108.0
1827,35.0,24.0,250.0,196.0,108.0
1828,36.0,24.0,250.0,196.0,108.0
1829,37.0,25.0,250.0,196.0,108.0
1830,38.0,25.0,250.0,196.0,108.0
1831,39.0,25.0,250.0,196.0,108.0
1832,40.0,24.0,250.0,196.0,108.0
1833,41.0,24.0,250.0,195.0,108.0
1834,42.0,24.0,250.0,195.0,108.0
1835,43.0,24.0,250.0,195.0,108.0
1836,44.0,24.0,250.0,195.0,108.0
1837,45.0,24.0,250.0,195.0,108.0
1838,46.0,25.0,250.0,195.0,108.0
1839,47.0,24.0,250.0,195.0,108.0
1840,48.0,25.0,250.0,195.0,108.0
1841,49.0,25.0,250.0,195.0,108.0
1842,50.0,25.0,250.0,195.0,108.0
1843,51.0,25.0,250.0,195.0,108.0
1844,52.0,25.0,251.0,195.0,108.0
1845,,,,,
1846,54.0,25.0,251.0,195.0,108.0
1847,55.0,25.0,251.0,195.0,108.0
1848,56.0,25.0,250.0,195.0,108.0
1849,57.0,25.0,250.0,195.0,108.0
1850,58.0,25.0,250.0,195.0,108.0
1851,59.0,25.0,250.0,195.0,108.0
1852,60.0,25.0,250.0,195.0,108.0
1853,61.0,25.0,250.0,196.0,108.0
1854,62.0,25.0,250.0,196.0,108.0
1855,63.0,26.0,250.0,196.0,108.0
1856,64.0,25.0,250.0,196.0,108.0
1857,65.0,25.0,250.0,195.0,108.0
1858,66.0,25.0,250.0,196.0,108.0
1859,67.0,25.0,250.0,196.0,108.0
1860,68.0,25.0,250.0,196.0,108.0
1861,69.0,26.0,250.0,196.0,108.0
1862,70.0,26.0,250.0,196.0,108.0
1863,71.0,26.0,250.0,195.0,108.0
1864,72.0,25.0,250.0,195.0,108.0
1865,73.0,25.0,250.0,195.0,107.0
1866,74.0,25.0,250.0,195.0,107.0
1867,75.0,25.0,250.0,195.0,107.0
1868,76.0,25.0,250.0,195.0,107.0
1869,77.0,25.0,250.0,195.0,108.0
1870,78.0,25.0,250.0,196.0,108.0
1871,79.0,25.0,250.0,196.0,108.0
1872,80.0,25.0,250.0,196.0,108.0
1873,81.0,26.0,250.0,196.0,108.0
1874,82.0,26.0,250.0,196.0,108.0
1875,83.0,26.0,250.0,196.0,108.0
1876,84.0,26.0,250.0,196.0,108.0
1877,85.0,26.0,250.0,196.0,108.0
1878,86.0,26.0,249.0,195.0,107.0
1879,87.0,26.0,250.0,195.0,107.0
1880,88.0,26.0,250.0,195.0,107.0
1881,89.0,26.0,250.0,195.0,107.0
1882,90.0,26.0,250.0,195.0,107.0
1883,91.0,26.0,250.0,195.0,107.0
1884,92.0,27.0,250.0,195.0,107.0
1885,93.0,27.0,250.0,195.0,107.0
1886,94.0,27.0,250.0,195.0,107.0
1887,95.0,27.0,250.0,195.0,107.0
1888,96.0,27.0,250.0,195.0,107.0
1889,97.0,27.0,249.0,195.0,107.0
1890,98.0,27.0,249.0,195.0,107.0
1891,99.0,27.0,249.0,195.0,107.0
1892,100.0,27.0,249.0,195.0,107.0
1893,101.0,27.0,249.0,195.0,107.0
1894,102.0,27.0,249.0,195.0,107.0
1895,103.0,27.0,249.0,195.0,107.0
1896,104.0,27.0,249.0,195.0,107.0
1897,105.0,27.0,249.0,195.0,107.0
1898,106.0,26.0,249.0,195.0,107.0
1899,107.0,27.0,249.0,195.0,107.0
1900,,,,,
1901,109.0,27.0,249.0,195.0,107.0
1902,110.0,27.0,249.0,195.0,107.0
1903,111.0,27.0,249.0,195.0,107.0
1904,112.0,27.0,249.0,195.0,107.0
1905,113.0,27.0,248.0,195.0,107.0
1906,114.0,27.0,248.0,195.0,107.0
1907,115.0,27.0,248.0,195.0,107.0
1908,116.0,27.0,248.0,195.0,107.0
1909,117.0,27.0,248.0,195.0,107.0
1910,118.0,27.0,248.0,195.0,107.0
1911,119.0,27.0,248.0,195.0,107.0
1912,120.0,27.0,248.0,195.0,107.0
1913,121.0,27.0,248.0,195.0,107.0
1914,122.0,27.0,248.0,195.0,107.0
1915,123.0,27.0,248.0,195.0,107.0
1916,124.0,27.0,248.0,195.0,107.0
1917,125.0,27.0,248.0,195.0,107.0
1918,126.0,27.0,248.0,195.0,107.0
1919,127.0,27.0,248.0,196.0,107.0
1920,128.0,27.0,248.0,196.0,107.0
1921,129.0,27.0,248.0,196.0,107.0
1922,130.0,27.0,248.0,196.0,107.0
1923,131.0,27.0,248.0,196.0,107.0
1924,132.0,27.0,248.0,196.0,107.0
1925,133.0,27.0,248.0,196.0,107.0
1926,134.0,27.0,248.0,196.0,107.0
1927,135.0,27.0,248.0,196.0,107.0
1928,136.0,27.0,248.0,196.0,107.0
1929,137.0,27.0,248.0,196.0,107.0
1930,138.0,27.0,248.0,196.0,107.0
1931,139.0,27.0,248.0,196.0,107.0
1932,140.0,27.0,248.0,195.0,107.0
1933,141.0,27.0,248.0,195.0,107.0
1934,142.0,27.0,248.0,195.0,107.0
1935,143.0,27.0,249.0,195.0,107.0
1936,144.0,27.0,249.0,196.0,107.0
1937,145.0,27.0,249.0,196.0,107.0
1938,146.0,26.0,249.0,195.0,107.0
1939,,,,,
1940,148.0,26.0,249.0,196.0,107.0
1941,149.0,26.0,249.0,196.0,108.0
1942,150.0,26.0,249.0,196.0,108.0
1943,151.0,26.0,249.0,196.0,108.0
1944,152.0,26.0,249.0,196.0,108.0
1945,153.0,26.0,249.0,196.0,107.0
1946,154.0,26.0,249.0,196.0,107.0
1947,155.0,26.0,249.0,195.0,107.0
1948,156.0,27.0,249.0,195.0,107.0
1949,157.0,27.0,249.0,195.0,107.0
1950,158.0,27.0,249.0,195.0,107.0
1951,159.0,27.0,249.0,195.0,107.0
1952,160.0,27.0,249.0,195.0,107.0
1953,161.0,27.0,249.0,195.0,107.0
1954,162.0,27.0,249.0,195.0,107.0
1955,163.0,27.0,248.0,195.0,107.0
1956,164.0,27.0,249.0,195.0,107.0
1957,165.0,27.0,248.0,195.0,107.0
1958,166.0,27.0,248.0,195.0,107.0
1959,167.0,27.0,248.0,195.0,107.0
1960,168.0,27.0,248.0,195.0,107.0
1961,169.0,27.0,248.0,196.0,107.0
1962,170.0,27.0,248.0,196.0,107.0
1963,171.0,27.0,248.0,196.0,107.0
1964,172.0,27.0,248.0,196.0,107.0
1965,173.0,27.0,249.0,196.0,107.0
1966,174.0,27.0,249.0,196.0,107.0
1967,175.0,27.0,249.0,196.0,107.0
1968,176.0,27.0,249.0,196.0,107.0
1969,177.0,27.0,249.0,196.0,107.0
1970,178.0,27.0,249.0,196.0,107.0
1971,179.0,27.0,249.0,196.0,107.0
1972,180.0,27.0,249.0,195.0,107.0
1973,181.0,27.0,249.0,195.0,107.0
1974,182.0,27.0,249.0,195.0,107.0
1975,183.0,27.0,249.0,195.0,107.0
1976,184.0,27.0,249.0,195.0,107.0
1977,185.0,27.0,249.0,195.0,107.0
1978,186.0,27.0,249.0,195.0,107.0
1979,187.0,27.0,249.0,195.0,107.0
1980,188.0,27.0,248.0,195.0,107.0
1981,189.0,27.0,248.0,195.0,107.0
1982,190.0,27.0,248.0,195.0,107.0
1983,191.0,27.0,248.0,195.0,107.0
1984,192.0,27.0,248.0,195.0,107.0
1985,193.0,27.0,248.0,195.0,107.0
1986,194.0,27.0,248.0,195.0,107.0
1987,195.0,27.0,248.0,195.0,107.0
1988,196.0,27.0,248.0,195.0,107.0
1989,197.0,27.0,248.0,195.0,107.0
1990,198.0,27.0,248.0,196.0,107.0
1991,199.0,27.0,248.0,196.0,107.0
1992,200.0,27.0,248.0,196.0,107.0
1993,201.0,27.0,248.0,196.0,107.0
1994,202.0,27.0,248.0,196.0,107.0
1995,203.0,27.0,248.0,196.0,107.0
1996,204.0,27.0,248.0,196.0,107.0
1997,205.0,27.0,248.0,196.0,107.0
1998,206.0,27.0,249.0,195.0,107.0
1999,207.0,27.0,249.0,195.0,107.0
2000,208.0,27.0,249.0,195.0,107.0
2001,209.0,27.0,249.0,195.0,107.0
2002,210.0,27.0,249.0,195.0,107.0
2003,211.0,27.0,249.0,195.0,107.0
2004,212.0,27.0,249.0,195.0,107.0
2005,213.0,27.0,249.0,195.0,107.0
2006,214.0,27.0,249.0,195.0,107.0
2007,215.0,27.0,249.0,195.0,107.0
2008,216.0,27.0,249.0,195.0,107.0
2009,217.0,27.0,249.0,195.0,107.0
2010,218.0,27.0,249.0,195.0,107.0
2011,219.0,27.0,249.0,195.0,107.0
2012,220.0,27.0,249.0,195.0,107.0
2013,221.0,27.0,249.0,195.0,107.0
2014,222.0,27.0,249.0,195.0,107.0
2015,223.0,27.0,249.0,195.0,107.0
2016,224.0,27.0,249.0,195.0,107.0
2017,225.0,27.0,249.0,195.0,107.0
2018,226.0,27.0,249.0,195.0,107.0
2019,227.0,27.0,249.0,195.0,107.0
2020,228.0,27.0,249.0,195.0,107.0
2021,229.0,27.0,249.0,196.0,107.0
2022,230.0,27.0,249.0,196.0,107.0
2023,231.0,27.0,249.0,196.0,107.0
2024,232.0,27.0,249.0,196.0,107.0
2025,233.0,27.0,249.0,196.0,108.0
2026,234.0,27.0,249.0,196.0,108.0
2027,235.0,27.0,249.0,197.0,108.0
2028,236.0,27.0,249.0,197.0,108.0
2029,237.0,27.0,249.0,197.0,108.0
2030,238.0,27.0,249.0,197.0,108.0
2031,239.0,27.0,249.0,197.0,108.0
2032,240.0,27.0,248.0,196.0,107.0
2033,241.0,28.0,249.0,196.0,107.0
2034,,,,,
2035,243.0,28.0,248.0,196.0,107.0
2036,244.0,28.0,248.0,196.0,107.0
2037,245.0,28.0,248.0,196.0,107.0
2038,246.0,28.0,248.0,195.0,107.0
2039,247.0,28.0,248.0,195.0,107.0
2040,248.0,28.0,248.0,195.0,107.0
2041,249.0,28.0,248.0,195.0,107.0
2042,250.0,27.0,248.0,195.0,107.0
2043,251.0,27.0,248.0,195.0,107.0
2044,252.0,27.0,249.0,195.0,107.0
2045,253.0,27.0,249.0,195.0,107.0
2046,254.0,28.0,249.0,195.0,107.0
2047,255.0,28.0,248.0,196.0,107.0
2048,0.0,29.0,247.0,196.0,107.0
2049,1.0,29.0,247.0,196.0,107.0
2050,2.0,29.0,246.0,195.0,106.0
2051,3.0,30.0,245.0,196.0,106.0
2052,4.0,30.0,245.0,195.0,106.0
2053,5.0,30.0,244.0,196.0,106.0
2054,6.0,30.0,244.0,196.0,106.0
2055,7.0,30.0,245.0,195.0,106.0
2056,8.0,30.0,245.0,196.0,106.0
2057,9.0,29.0,245.0,195.0,106.0
2058,10.0,30.0,245.0,195.0,106.0
2059,11.0,30.0,245.0,196.0,106.0
2060,12.0,30.0,245.0,195.0,106.0
2061,13.0,30.0,245.0,196.0,106.0
2062,14.0,30.0,245.0,195.0,106.0
2063,15.0,30.0,245.0,195.0,106.0
2064,16.0,30.0,245.0,194.0,105.0
2065,17.0,31.0,246.0,193.0,104.0
2066,18.0,32.0,246.0,192.0,103.0
2067,,,,,
2068,20.0,34.0,246.0,192.0,103.0
2069,21.0,34.0,246.0,193.0,103.0
2070,22.0,34.0,246.0,194.0,104.0
2071,23.0,35.0,244.0,195.0,104.0
2072,24.0,37.0,241.0,195.0,103.0
2073,25.0,38.0,236.0,196.0,102.0
2074,26.0,41.0,233.0,196.0,100.0
2075,27.0,42.0,232.0,195.0,100.0
2076,28.0,42.0,232.0,194.0,99.0
2077,29.0,42.0,234.0,193.0,98.0
2078,30.0,41.0,237.0,193.0,99.0
2079,31.0,40.0,241.0,194.0,102.0
2080,32.0,37.0,244.0,195.0,103.0
2081,33.0,35.0,247.0,194.0,104.0
2082,34.0,33.0,249.0,193.0,104.0
2083,35.0,31.0,250.0,192.0,104.0
2084,36.0,29.0,250.0,191.0,104.0
2085,,,,,
2086,38.0,28.0,250.0,192.0,105.0
2087,39.0,27.0,250.0,192.0,105.0
2088,40.0,26.0,250.0,192.0,105.0
2089,41.0,26.0,249.0,192.0,105.0
2090,42.0,25.0,249.0,192.0,106.0
2091,43.0,25.0,250.0,192.0,106.0
2092,44.0,24.0,250.0,191.0,105.0
2093,45.0,24.0,250.0,191.0,105.0
2094,46.0,24.0,250.0,191.0,105.0
2095,47.0,23.0,250.0,191.0,105.0
2096,48.0,23.0,250.0,190.0,105.0
2097,49.0,23.0,250.0,190.0,105.0
2098,50.0,23.0,250.0,190.0,105.0
2099,51.0,23.0,250.0,190.0,105.0
2100,52.0,23.0,250.0,190.0,105.0
2101,53.0,23.0,250.0,190.0,105.0
2102,54.0,22.0,250.0,190.0,105.0
2103,,,,,
2104,56.0,22.0,250.0,190.0,105.0
2105,57.0,22.0,250.0,190.0,105.0
2106,58.0,22.0,250.0,190.0,105.0
2107,59.0,22.0,250.0,191.0,106.0
2108,60.0,22.0,251.0,191.0,106.0
2109,61.0,22.0,251.0,191.0,106.0
2110,62.0,22.0,251.0,191.0,106.0
2111,63.0,22.0,251.0,191.0,106.0
2112,64.0,22.0,251.0,191.0,106.0
2113,65.0,22.0,251.0,192.0,106.0
2114,66.0,22.0,251.0,192.0,106.0
2115,67.0,22.0,251.0,192.0,106.0
2116,68.0,23.0,251.0,192.0,106.0
2117,69.0,23.0,251.0,192.0,106.0
2118,70.0,25.0,251.0,192.0,106.0
2119,71.0,25.0,250.0,192.0,106.0
2120,72.0,24.0,251.0,192.0,106.0
2121,,,,,
2122,74.0,25.0,249.0,192.0,106.0
2123,75.0,26.0,247.0,194.0,106.0
2124,76.0,26.0,246.0,194.0,106.0
2125,77.0,27.0,245.0,194.0,106.0
2126,78.0,28.0,244.0,195.0,106.0
2127,,,,,
2128,80.0,33.0,240.0,196.0,105.0
2129,81.0,36.0,238.0,197.0,104.0
2130,82.0,37.0,238.0,199.0,104.0
2131,83.0,38.0,238.0,200.0,105.0
2132,84.0,39.0,238.0,202.0,105.0
2133,85.0,41.0,237.0,203.0,105.0
2134,86.0,41.0,236.0,203.0,105.0
2135,87.0,41.0,236.0,203.0,105.0
2136,88.0,41.0,237.0,202.0,105.0
2137,89.0,41.0,238.0,203.0,105.0
2138,90.0,40.0,239.0,202.0,105.0
2139,91.0,40.0,239.0,201.0,105.0
2140,92.0,39.0,240.0,201.0,105.0
2141,93.0,39.0,240.0,201.0,105.0
2142,94.0,39.0,240.0,201.0,105.0
2143,95.0,40.0,239.0,201.0,105.0
2144,96.0,40.0,239.0,200.0,104.0
2145,97.0,41.0,238.0,200.0,104.0
2146,98.0,41.0,238.0,200.0,104.0
2147,99.0,41.0,238.0,199.0,103.0
2148,100.0,41.0,238.0,199.0,104.0
2149,101.0,40.0,238.0,199.0,104.0
2150,102.0,40.0,239.0,199.0,104.0
2151,103.0,40.0,239.0,199.0,104.0
2152,104.0,39.0,240.0,199.0,104.0
2153,105.0,39.0,240.0,199.0,104.0
2154,106.0,39.0,240.0,199.0,105.0
2155,107.0,38.0,241.0,199.0,105.0
2156,108.0,38.0,241.0,199.0,105.0
2157,109.0,38.0,241.0,199.0,105.0
2158,110.0,38.0,241.0,199.0,105.0
2159,111.0,38.0,242.0,199.0,105.0
2160,112.0,38.0,242.0,199.0,105.0
2161,113.0,38.0,242.0,199.0,105.0
2162,114.0,38.0,242.0,200.0,105.0
2163,115.0,38.0,242.0,200.0,105.0
2164,116.0,38.0,242.0,200.0,105.0
2165,117.0,38.0,242.0,199.0,105.0
2166,118.0,38.0,242.0,199.0,105.0
2167,119.0,37.0,242.0,200.0,106.0
2168,120.0,37.0,242.0,200.0,106.0
2169,121.0,37.0,242.0,200.0,106.0
2170,122.0,37.0,242.0,200.0,106.0
2171,123.0,37.0,242.0,200.0,106.0
2172,124.0,37.0,242.0,200.0,106.0
2173,125.0,37.0,242.0,200.0,106.0
2174,126.0,37.0,242.0,200.0,106.0
2175,,,,,
2176,128.0,37.0,242.0,199.0,106.0
2177,129.0,37.0,242.0,199.0,106.0
2178,130.0,37.0,242.0,199.0,106.0
2179,131.0,37.0,242.0,199.0,106.0
2180,132.0,37.0,242.0,199.0,106.0
2181,133.0,37.0,242.0,199.0,106.0
2182,134.0,36.0,242.0,199.0,106.0
2183,135.0,36.0,242.0,199.0,106.0
2184,136.0,36.0,242.0,199.0,106.0
2185,137.0,36.0,242.0,199.0,106.0
2186,138.0,36.0,242.0,199.0,106.0
2187,139.0,36.0,243.0,199.0,106.0
2188,140.0,36.0,243.0,199.0,106.0
2189,141.0,36.0,243.0,199.0,106.0
2190,142.0,36.0,242.0,199.0,106.0
2191,143.0,36.0,242.0,199.0,106.0
2192,144.0,36.0,242.0,199.0,106.0
2193,145.0,35.0,243.0,199.0,106.0
2194,146.0,35.0,243.0,200.0,106.0
2195,147.0,35.0,243.0,199.0,106.0
2196,148.0,36.0,242.0,200.0,106.0
2197,149.0,36.0,242.0,200.0,106.0
2198,150.0,37.0,242.0,200.0,106.0
2199,151.0,37.0,242.0,200.0,106.0
2200,152.0,38.0,241.0,200.0,106.0
2201,153.0,38.0,241.0,200.0,106.0
2202,154.0,38.0,241.0,200.0,106.0
2203,155.0,38.0,241.0,200.0,105.0
2204,156.0,38.0,241.0,200.0,106.0
2205,157.0,37.0,241.0,200.0,106.0
2206,158.0,37.0,241.0,200.0,106.0
2207,159.0,37.0,241.0,200.0,106.0
2208,160.0,37.0,241.0,200.0,105.0
2209,161.0,37.0,241.0,200.0,105.0
2210,162.0,38.0,241.0,200.0,105.0
2211,163.0,38.0,241.0,199.0,105.0
2212,164.0,37.0,241.0,199.0,105.0
2213,165.0,37.0,241.0,199.0,105.0
2214,166.0,37.0,241.0,199.0,105.0
2215,167.0,37.0,241.0,200.0,105.0
2216,168.0,37.0,241.0,200.0,106.0
2217,169.0,37.0,241.0,200.0,106.0
2218,170.0,37.0,241.0,200.0,106.0
2219,171.0,37.0,241.0,199.0,106.0
2220,172.0,37.0,241.0,199.0,105.0
2221,173.0,37.0,241.0,199.0,105.0
2222,174.0,37.0,241.0,200.0,106.0
2223,175.0,37.0,241.0,199.0,105.0
2224,176.0,37.0,241.0,199.0,105.0
2225,177.0,37.0,241.0,200.0,106.0
2226,178.0,37.0,241.0,200.0,106.0
2227,,,,,
2228,180.0,37.0,241.0,200.0,106.0
2229,181.0,37.0,241.0,199.0,105.0
2230,,,,,
2231,183.0,36.0,241.0,199.0,105.0
2232,184.0,37.0,240.0,199.0,105.0
2233,185.0,37.0,240.0,199.0,105.0
2234,186.0,37.0,240.0,199.0,105.0
2235,187.0,37.0,240.0,199.0,105.0
2236,188.0,37.0,240.0,199.0,105.0
2237,,,,,
2238,,,,,
2239,191.0,37.0,240.0,198.0,105.0
2240,192.0,37.0,240.0,198.0,105.0
2241,193.0,37.0,241.0,198.0,105.0
2242,194.0,36.0,242.0,198.0,105.0
2243,195.0,35.0,243.0,197.0,105.0
2244,,,,,
2245,197.0,32.0,247.0,197.0,106.0
2246,,,,,
2247,199.0,28.0,250.0,195.0,107.0
2248,200.0,26.0,251.0,194.0,107.0
2249,201.0,25.0,252.0,193.0,106.0
2250,202.0,24.0,252.0,193.0,106.0
2251,,,,,
2252,204.0,22.0,252.0,193.0,107.0
2253,205.0,21.0,252.0,193.0,107.0
2254,206.0,19.0,252.0,192.0,107.0
2255,207.0,18.0,253.0,192.0,107.0
2256,208.0,19.0,252.0,192.0,107.0
2257,209.0,19.0,251.0,191.0,107.0
2258,,,,,
2259,211.0,21.0,250.0,191.0,106.0
2260,212.0,22.0,249.0,189.0,105.0
2261,213.0,24.0,249.0,189.0,104.0
2262,,,,,
2263,215.0,27.0,246.0,192.0,105.0
2264,216.0,30.0,245.0,193.0,104.0
2265,217.0,33.0,243.0,194.0,104.0
2266,218.0,36.0,241.0,195.0,103.0
2267,219.0,40.0,239.0,196.0,102.0
2268,220.0,42.0,237.0,198.0,102.0
2269,221.0,43.0,235.0,198.0,101.0
2270,222.0,43.0,234.0,199.0,101.0
2271,223.0,42.0,234.0,199.0,102.0
2272,224.0,39.0,236.0,198.0,103.0
2273,225.0,35.0,238.0,198.0,105.0
2274,226.0,30.0,243.0,197.0,106.0
2275,227.0,25.0,248.0,195.0,107.0
2276,228.0,20.0,252.0,194.0,108.0
2277,229.0,17.0,254.0,193.0,108.0
2278,230.0,16.0,255.0,192.0,108.0
2279,231.0,17.0,254.0,192.0,108.0
2280,232.0,19.0,253.0,192.0,107.0
2281,233.0,21.0,251.0,192.0,107.0
2282,234.0,23.0,249.0,193.0,107.0
2283,235.0,24.0,248.0,193.0,106.0
2284,,,,,
2285,237.0,26.0,246.0,194.0,107.0
2286,238.0,26.0,246.0,194.0,107.0
2287,239.0,26.0,246.0,194.0,107.0
2288,240.0,26.0,247.0,194.0,107.0
2289,241.0,26.0,247.0,195.0,107.0
2290,,,,,
2291,243.0,25.0,247.0,195.0,107.0
2292,244.0,25.0,247.0,195.0,107.0
2293,245.0,25.0,247.0,195.0,107.0
2294,246.0,25.0,247.0,194.0,107.0
2295,247.0,25.0,247.0,194.0,107.0
2296,248.0,25.0,247.0,194.0,107.0
2297,,,,,
2298,,,,,
2299,251.0,26.0,246.0,194.0,107.0
2300,,,,,
2301,,,,,
2302,254.0,26.0,246.0,195.0,107.0
2303,255.0,26.0,246.0,195.0,107.0
2304,0.0,26.0,246.0,195.0,107.0
2305,1.0,26.0,246.0,195.0,107.0
2306,2.0,26.0,246.0,195.0,107.0
2307,3.0,26.0,246.0,195.0,107.0
2308,,,,,
2309,5.0,26.0,246.0,194.0,106.0
2310,6.0,26.0,246.0,194.0,106.0
2311,7.0,26.0,246.0,194.0,106.0
2312,8.0,26.0,246.0,194.0,106.0
2313,9.0,26.0,246.0,194.0,106.0
2314,10.0,26.0,246.0,194.0,106.0
2315,11.0,26.0,246.0,194.0,106.0
2316,12.0,26.0,246.0,194.0,106.0
2317,13.0,26.0,246.0,194.0,106.0
2318,14.0,26.0,246.0,194.0,106.0
2319,15.0,26.0,247.0,194.0,106.0
2320,16.0,26.0,246.0,194.0,106.0
2321,,,,,
2322,18.0,26.0,246.0,194.0,106.0
2323,,,,,
2324,20.0,26.0,246.0,194.0,106.0
2325,21.0,26.0,246.0,194.0,106.0
2326,22.0,26.0,246.0,194.0,107.0
2327,23.0,26.0,246.0,195.0,107.0
2328,24.0,26.0,246.0,194.0,106.0
2329,,,,,
2330,26.0,27.0,246.0,194.0,106.0
2331,27.0,27.0,246.0,194.0,106.0
2332,28.0,27.0,246.0,194.0,106.0
2333,29.0,27.0,246.0,194.0,106.0
2334,30.0,26.0,247.0,194.0,106.0
2335,31.0,26.0,247.0,194.0,106.0
2336,,,,,
2337,,,,,
2338,34.0,26.0,247.0,194.0,106.0
2339,35.0,27.0,247.0,194.0,106.0
2340,36.0,27.0,247.0,194.0,106.0
2341,37.0,26.0,247.0,193.0,106.0
2342,38.0,26.0,248.0,193.0,106.0
2343,39.0,26.0,248.0,193.0,106.0
2344,40.0,26.0,248.0,192.0,106.0
2345,41.0,26.0,248.0,193.0,106.0
2346,42.0,26.0,247.0,193.0,106.0
2347,43.0,26.0,247.0,194.0,106.0
2348,,,,,
2349,45.0,26.0,247.0,195.0,107.0
2350,46.0,26.0,247.0,194.0,107.0
2351,47.0,26.0,246.0,195.0,107.0
2352,,,,,
2353,49.0,26.0,246.0,195.0,107.0
2354,50.0,26.0,246.0,195.0,107.0
2355,51.0,26.0,246.0,195.0,107.0
2356,52.0,26.0,246.0,195.0,107.0
2357,53.0,26.0,246.0,195.0,107.0
2358,54.0,26.0,246.0,195.0,107.0
2359,55.0,26.0,246.0,196.0,107.0
2360,56.0,26.0,246.0,196.0,107.0
2361,57.0,27.0,246.0,195.0,107.0
2362,58.0,27.0,246.0,195.0,107.0
2363,59.0,27.0,246.0,195.0,107.0
2364,60.0,27.0,246.0,195.0,107.0
2365,61.0,27.0,246.0,194.0,106.0
2366,62.0,27.0,247.0,194.0,106.0
2367,63.0,26.0,247.0,194.0,106.0
2368,64.0,26.0,247.0,194.0,106.0
2369,65.0,26.0,247.0,194.0,106.0
2370,66.0,26.0,247.0,194.0,106.0
2371,67.0,26.0,247.0,194.0,106.0
2372,68.0,26.0,247.0,194.0,106.0
2373,69.0,26.0,247.0,194.0,106.0
2374,70.0,26.0,247.0,194.0,106.0
2375,71.0,26.0,247.0,194.0,106.0
2376,72.0,26.0,247.0,194.0,106.0
2377,73.0,26.0,247.0,194.0,106.0
2378,74.0,26.0,247.0,194.0,106.0
2379,75.0,26.0,247.0,194.0,106.0
2380,76.0,26.0,247.0,194.0,107.0
2381,77.0,26.0,247.0,194.0,107.0
2382,78.0,26.0,247.0,194.0,107.0
2383,79.0,26.0,247.0,194.0,107.0
2384,80.0,26.0,247.0,195.0,107.0
2385,81.0,26.0,247.0,195.0,107.0
2386,82.0,26.0,247.0,195.0,107.0
2387,83.0,26.0,247.0,195.0,107.0
2388,84.0,26.0,247.0,195.0,107.0
2389,85.0,26.0,247.0,195.0,107.0
2390,86.0,27.0,247.0,195.0,107.0
2391,87.0,27.0,247.0,195.0,107.0
2392,88.0,26.0,247.0,195.0,107.0
2393,89.0,26.0,247.0,195.0,107.0
2394,90.0,26.0,247.0,194.0,107.0
2395,91.0,26.0,247.0,194.0,107.0
2396,92.0,26.0,247.0,194.0,107.0
2397,93.0,26.0,247.0,194.0,106.0
2398,94.0,25.0,247.0,194.0,106.0
2399,95.0,25.0,248.0,193.0,106.0
2400,96.0,25.0,248.0,193.0,106.0
2401,97.0,25.0,248.0,193.0,106.0
2402,98.0,25.0,248.0,193.0,106.0
2403,99.0,25.0,248.0,193.0,106.0
2404,100.0,25.0,248.0,192.0,106.0
2405,101.0,25.0,248.0,193.0,106.0
2406,102.0,25.0,247.0,193.0,106.0
2407,103.0,25.0,247.0,193.0,106.0
2408,104.0,25.0,247.0,194.0,106.0
2409,105.0,26.0,247.0,194.0,106.0
2410,106.0,25.0,247.0,194.0,107.0
2411,107.0,25.0,247.0,194.0,107.0
2412,108.0,26.0,247.0,194.0,107.0
2413,109.0,26.0,247.0,194.0,107.0
2414,110.0,26.0,247.0,195.0,107.0
2415,111.0,26.0,247.0,195.0,107.0
2416,112.0,26.0,247.0,195.0,107.0
2417,113.0,26.0,247.0,195.0,107.0
2418,114.0,26.0,247.0,195.0,107.0
2419,115.0,26.0,247.0,195.0,107.0
2420,116.0,26.0,248.0,195.0,107.0
2421,117.0,26.0,248.0,194.0,107.0
2422,118.0,26.0,248.0,194.0,107.0
2423,119.0,25.0,248.0,194.0,106.0
2424,120.0,25.0,248.0,194.0,106.0
2425,121.0,25.0,248.0,193.0,106.0
2426,122.0,25.0,248.0,193.0,106.0
2427,123.0,25.0,248.0,193.0,106.0
2428,124.0,25.0,248.0,193.0,106.0
2429,125.0,25.0,248.0,192.0,106.0
2430,126.0,25.0,248.0,193.0,106.0
2431,127.0,25.0,248.0,193.0,106.0
2432,128.0,25.0,248.0,193.0,106.0
2433,129.0,25.0,247.0,193.0,106.0
2434,130.0,26.0,247.0,193.0,106.0
2435,131.0,26.0,247.0,194.0,106.0
2436,,,,,
2437,133.0,25.0,248.0,195.0,107.0
2438,134.0,25.0,249.0,195.0,108.0
2439,135.0,24.0,249.0,195.0,107.0
2440,136.0,24.0,249.0,194.0,107.0
2441,137.0,23.0,249.0,194.0,107.0
2442,138.0,23.0,249.0,194.0,107.0
2443,139.0,23.0,249.0,194.0,107.0
2444,140.0,22.0,249.0,194.0,107.0
2445,141.0,22.0,249.0,194.0,107.0
2446,142.0,22.0,249.0,194.0,108.0
2447,143.0,22.0,249.0,194.0,108.0
2448,144.0,22.0,249.0,194.0,108.0
2449,145.0,22.0,249.0,194.0,108.0
2450,146.0,22.0,249.0,194.0,108.0
2451,147.0,22.0,249.0,194.0,107.0
2452,148.0,21.0,249.0,194.0,107.0
2453,149.0,22.0,249.0,193.0,107.0
2454,150.0,22.0,249.0,193.0,107.0
2455,151.0,22.0,249.0,193.0,107.0
2456,152.0,21.0,249.0,192.0,107.0
2457,153.0,21.0,249.0,192.0,107.0
2458,154.0,21.0,249.0,192.0,107.0
2459,155.0,21.0,249.0,192.0,107.0
2460,156.0,21.0,249.0,192.0,107.0
2461,157.0,21.0,249.0,192.0,107.0
2462,158.0,21.0,249.0,192.0,107.0
2463,159.0,21.0,249.0,192.0,107.0
2464,160.0,22.0,249.0,192.0,107.0
2465,161.0,23.0,248.0,193.0,107.0
2466,162.0,24.0,247.0,193.0,106.0
2467,163.0,25.0,247.0,193.0,106.0
2468,164.0,25.0,248.0,193.0,106.0
2469,165.0,25.0,248.0,194.0,106.0
2470,166.0,25.0,248.0,194.0,107.0
2471,167.0,26.0,248.0,195.0,107.0
2472,168.0,26.0,248.0,196.0,108.0
2473,169.0,27.0,248.0,196.0,107.0
2474,170.0,29.0,246.0,197.0,107.0
2475,171.0,29.0,246.0,196.0,107.0
2476,172.0,29.0,246.0,196.0,107.0
2477,173.0,29.0,246.0,196.0,106.0
2478,174.0,29.0,246.0,196.0,106.0
2479,175.0,30.0,247.0,196.0,106.0
2480,176.0,30.0,247.0,196.0,107.0
2481,177.0,31.0,247.0,197.0,107.0
2482,178.0,31.0,247.0,197.0,107.0
2483,179.0,32.0,247.0,198.0,107.0
2484,180.0,32.0,247.0,199.0,107.0
2485,181.0,32.0,246.0,199.0,107.0
2486,182.0,32.0,246.0,198.0,107.0
2487,183.0,32.0,245.0,198.0,107.0
2488,184.0,32.0,246.0,198.0,107.0
2489,185.0,32.0,246.0,198.0,107.0
2490,186.0,32.0,246.0,198.0,107.0
2491,187.0,32.0,246.0,198.0,107.0
2492,188.0,32.0,246.0,198.0,107.0
2493,189.0,32.0,245.0,198.0,107.0
2494,190.0,32.0,245.0,199.0,107.0
2495,191.0,32.0,245.0,199.0,107.0
2496,192.0,32.0,245.0,199.0,107.0
2497,193.0,32.0,245.0,199.0,107.0
2498,194.0,33.0,245.0,199.0,107.0
2499,195.0,32.0,245.0,199.0,107.0
2500,196.0,33.0,245.0,199.0,107.0
2501,197.0,33.0,245.0,199.0,107.0
2502,198.0,33.0,245.0,199.0,107.0
2503,199.0,32.0,245.0,198.0,107.0
2504,200.0,32.0,245.0,198.0,107.0
2505,201.0,32.0,246.0,198.0,107.0
2506,202.0,32.0,246.0,198.0,107.0
2507,203.0,32.0,246.0,198.0,107.0
2508,204.0,32.0,246.0,198.0,107.0
2509,205.0,32.0,246.0,198.0,107.0
2510,206.0,32.0,246.0,197.0,107.0
2511,207.0,31.0,245.0,197.0,107.0
2512,208.0,31.0,245.0,197.0,107.0
2513,209.0,31.0,245.0,197.0,107.0
2514,210.0,31.0,245.0,197.0,107.0
2515,211.0,31.0,245.0,197.0,107.0
2516,212.0,31.0,245.0,198.0,107.0
2517,213.0,31.0,245.0,198.0,107.0
2518,214.0,31.0,245.0,198.0,107.0
2519,215.0,31.0,245.0,198.0,107.0
2520,216.0,31.0,245.0,198.0,107.0
2521,217.0,31.0,245.0,198.0,107.0
2522,218.0,31.0,245.0,199.0,107.0
2523,219.0,31.0,245.0,199.0,108.0
2524,220.0,31.0,245.0,199.0,108.0
2525,221.0,31.0,245.0,199.0,108.0
2526,222.0,32.0,245.0,199.0,108.0
2527,223.0,32.0,245.0,199.0,107.0
2528,224.0,32.0,245.0,198.0,107.0
2529,225.0,32.0,245.0,198.0,107.0
2530,226.0,32.0,245.0,198.0,107.0
2531,227.0,32.0,245.0,198.0,107.0
2532,228.0,32.0,245.0,198.0,107.0
2533,229.0,32.0,245.0,199.0,107.0
2534,230.0,32.0,245.0,199.0,107.0
2535,231.0,32.0,245.0,199.0,107.0
2536,232.0,32.0,245.0,199.0,107.0
2537,233.0,32.0,245.0,198.0,107.0
2538,234.0,32.0,246.0,198.0,107.0
2539,235.0,31.0,246.0,198.0,107.0
2540,236.0,31.0,245.0,198.0,107.0
2541,237.0,31.0,245.0,198.0,107.0
2542,238.0,31.0,245.0,197.0,107.0
2543,239.0,31.0,245.0,197.0,107.0
2544,,,,,
2545,241.0,31.0,245.0,197.0,106.0
2546,242.0,31.0,245.0,197.0,107.0
2547,243.0,31.0,245.0,197.0,107.0
2548,244.0,31.0,245.0,197.0,107.0
2549,245.0,31.0,245.0,197.0,107.0
2550,246.0,31.0,245.0,197.0,107.0
2551,247.0,31.0,246.0,197.0,107.0
2552,248.0,31.0,246.0,197.0,107.0
2553,249.0,31.0,246.0,197.0,107.0
2554,250.0,30.0,247.0,197.0,107.0
2555,251.0,29.0,248.0,196.0,107.0
2556,252.0,28.0,250.0,196.0,107.0
2557,253.0,26.0,251.0,196.0,108.0
2558,254.0,21.0,254.0,195.0,108.0
2559,255.0,16.0,1.0,194.0,109.0
2560,0.0,11.0,6.0,193.0,109.0
2561,1.0,5.0,10.0,192.0,108.0
2562,2.0,1.0,14.0,191.0,108.0
2563,3.0,254.0,16.0,191.0,107.0
2564,4.0,253.0,17.0,190.0,106.0
2565,5.0,252.0,17.0,189.0,106.0
2566,6.0,252.0,16.0,189.0,106.0
2567,7.0,253.0,14.0,189.0,106.0
2568,8.0,255.0,12.0,189.0,106.0
2569,9.0,0.0,9.0,189.0,106.0
2570,10.0,1.0,7.0,188.0,106.0
2571,11.0,5.0,4.0,186.0,105.0
2572,12.0,7.0,1.0,184.0,104.0
2573,13.0,10.0,0.0,185.0,104.0
2574,14.0,12.0,255.0,186.0,104.0
2575,15.0,14.0,254.0,188.0,105.0
2576,16.0,14.0,254.0,188.0,105.0
2577,17.0,14.0,254.0,188.0,105.0
2578,,,,,
2579,19.0,14.0,254.0,190.0,106.0
2580,20.0,13.0,254.0,190.0,107.0
2581,21.0,13.0,254.0,190.0,107.0
2582,22.0,12.0,254.0,190.0,107.0
2583,23.0,13.0,254.0,190.0,107.0
2584,24.0,12.0,254.0,191.0,107.0
2585,25.0,12.0,254.0,190.0,107.0
2586,26.0,12.0,254.0,190.0,107.0
2587,27.0,13.0,254.0,190.0,107.0
2588,28.0,13.0,255.0,190.0,107.0
2589,29.0,13.0,255.0,190.0,107.0
2590,30.0,13.0,255.0,190.0,107.0
2591,31.0,13.0,255.0,190.0,107.0
2592,32.0,13.0,255.0,190.0,107.0
2593,33.0,13.0,254.0,190.0,107.0
2594,34.0,13.0,254.0,190.0,107.0
2595,35.0,13.0,255.0,190.0,107.0
2596,36.0,14.0,255.0,190.0,107.0
2597,37.0,14.0,255.0,190.0,107.0
2598,38.0,14.0,254.0,190.0,107.0
2599,39.0,14.0,254.0,190.0,107.0
2600,40.0,15.0,254.0,191.0,107.0
2601,41.0,15.0,254.0,191.0,107.0
2602,42.0,15.0,254.0,191.0,107.0
2603,43.0,15.0,254.0,191.0,107.0
2604,44.0,15.0,254.0,191.0,107.0
2605,45.0,15.0,254.0,191.0,107.0
2606,46.0,15.0,254.0,191.0,107.0
2607,47.0,15.0,254.0,191.0,107.0
2608,48.0,15.0,254.0,191.0,107.0
2609,49.0,15.0,254.0,191.0,107.0
2610,50.0,15.0,254.0,191.0,107.0
2611,51.0,16.0,253.0,191.0,107.0
2612,52.0,16.0,253.0,191.0,107.0
2613,53.0,16.0,253.0,191.0,107.0
2614,54.0,16.0,253.0,191.0,107.0
2615,55.0,16.0,253.0,191.0,107.0
2616,56.0,16.0,253.0,192.0,107.0
2617,57.0,16.0,253.0,192.0,107.0
2618,58.0,16.0,253.0,192.0,107.0
2619,59.0,16.0,253.0,191.0,107.0
2620,60.0,17.0,252.0,191.0,107.0
2621,61.0,17.0,252.0,191.0,107.0
2622,62.0,17.0,252.0,191.0,107.0
2623,63.0,17.0,252.0,191.0,107.0
2624,64.0,17.0,252.0,191.0,107.0
2625,65.0,17.0,253.0,191.0,107.0
2626,66.0,17.0,253.0,191.0,107.0
2627,67.0,17.0,253.0,191.0,107.0
2628,68.0,17.0,253.0,191.0,107.0
2629,69.0,17.0,253.0,192.0,107.0
2630,70.0,17.0,253.0,192.0,107.0
2631,71.0,18.0,253.0,192.0,107.0
2632,72.0,18.0,252.0,192.0,107.0
2633,73.0,18.0,252.0,192.0,107.0
2634,74.0,18.0,252.0,191.0,107.0
2635,75.0,18.0,252.0,191.0,107.0
2636,76.0,18.0,253.0,191.0,107.0
2637,77.0,17.0,253.0,191.0,107.0
2638,78.0,17.0,253.0,191.0,107.0
2639,79.0,18.0,252.0,191.0,106.0
2640,80.0,18.0,252.0,191.0,107.0
2641,81.0,19.0,251.0,192.0,107.0
2642,82.0,20.0,250.0,193.0,107.0
2643,83.0,21.0,249.0,193.0,107.0
2644,84.0,23.0,247.0,192.0,106.0
2645,85.0,24.0,245.0,193.0,106.0
2646,86.0,26.0,243.0,193.0,106.0
2647,87.0,27.0,244.0,194.0,106.0
2648,88.0,27.0,245.0,196.0,107.0
2649,89.0,27.0,247.0,197.0,108.0
2650,90.0,26.0,248.0,198.0,109.0
2651,91.0,26.0,248.0,198.0,109.0
2652,92.0,25.0,248.0,197.0,108.0
2653,93.0,25.0,247.0,195.0,107.0
2654,94.0,25.0,247.0,194.0,107.0
2655,95.0,25.0,247.0,194.0,106.0
2656,96.0,26.0,246.0,194.0,106.0
2657,97.0,26.0,246.0,194.0,106.0
2658,98.0,26.0,245.0,194.0,106.0
2659,99.0,27.0,245.0,194.0,106.0
2660,100.0,27.0,245.0,194.0,106.0
2661,101.0,27.0,245.0,194.0,106.0
2662,,,,,
2663,,,,,
2664,104.0,28.0,246.0,196.0,107.0
2665,105.0,29.0,245.0,196.0,106.0
2666,106.0,30.0,244.0,196.0,106.0
2667,107.0,30.0,244.0,195.0,106.0
2668,108.0,30.0,244.0,195.0,105.0
2669,109.0,30.0,245.0,194.0,105.0
2670,110.0,30.0,245.0,194.0,105.0
2671,111.0,29.0,245.0,194.0,105.0
2672,112.0,29.0,246.0,195.0,106.0
2673,113.0,28.0,246.0,195.0,106.0
2674,114.0,28.0,246.0,195.0,106.0
2675,115.0,28.0,245.0,196.0,107.0
2676,116.0,28.0,245.0,196.0,107.0
2677,117.0,28.0,245.0,197.0,107.0
2678,118.0,27.0,245.0,197.0,107.0
2679,119.0,28.0,246.0,197.0,107.0
2680,120.0,28.0,246.0,197.0,107.0
2681,121.0,28.0,246.0,196.0,107.0
2682,122.0,28.0,246.0,196.0,107.0
2683,,,,,
2684,124.0,29.0,245.0,196.0,107.0
2685,125.0,29.0,245.0,196.0,107.0
2686,126.0,29.0,245.0,196.0,107.0
2687,127.0,29.0,245.0,196.0,107.0
2688,128.0,29.0,245.0,196.0,107.0
2689,129.0,29.0,245.0,196.0,107.0
2690,130.0,29.0,244.0,196.0,107.0
2691,131.0,29.0,245.0,196.0,107.0
2692,,,,,
2693,133.0,29.0,245.0,196.0,107.0
2694,134.0,29.0,245.0,197.0,107.0
2695,135.0,29.0,245.0,196.0,107.0
2696,136.0,29.0,245.0,197.0,107.0
2697,,,,,
2698,138.0,29.0,245.0,197.0,107.0
2699,139.0,29.0,245.0,197.0,107.0
2700,140.0,29.0,245.0,197.0,107.0
2701,141.0,29.0,245.0,197.0,107.0
2702,142.0,29.0,245.0,197.0,107.0
2703,143.0,29.0,245.0,196.0,107.0
2704,,,,,
2705,,,,,
2706,,,,,
2707,147.0,29.0,245.0,197.0,107.0
2708,,,,,
2709,149.0,28.0,245.0,196.0,107.0
2710,,,,,
2711,151.0,29.0,245.0,196.0,107.0
2712,,,,,
2713,,,,,
2714,,,,,
2715,,,,,
2716,,,,,
2717,,,,,
2718,,,,,
2719,159.0,29.0,245.0,196.0,107.0
2720,160.0,29.0,245.0,196.0,107.0
2721,161.0,29.0,245.0,196.0,107.0
2722,,,,,
2723,163.0,29.0,245.0,196.0,107.0
2724,164.0,29.0,245.0,196.0,107.0
2725,165.0,29.0,245.0,196.0,107.0
2726,166.0,29.0,245.0,196.0,107.0
2727,,,,,
2728,,,,,
2729,169.0,29.0,245.0,196.0,107.0
2730,170.0,29.0,245.0,196.0,107.0
2731,171.0,29.0,245.0,196.0,107.0
2732,172.0,29.0,245.0,196.0,107.0
2733,173.0,29.0,245.0,196.0,107.0
2734,174.0,29.0,245.0,196.0,106.0
2735,175.0,30.0,245.0,196.0,106.0
2736,176.0,30.0,245.0,196.0,106.0
2737,177.0,30.0,245.0,196.0,106.0
2738,178.0,30.0,245.0,196.0,106.0
2739,179.0,30.0,245.0,196.0,106.0
2740,180.0,30.0,245.0,196.0,106.0
2741,181.0,30.0,245.0,196.0,106.0
2742,182.0,30.0,245.0,196.0,106.0
2743,183.0,29.0,245.0,195.0,106.0
2744,184.0,29.0,245.0,195.0,106.0
2745,185.0,29.0,245.0,195.0,106.0
2746,186.0,29.0,245.0,195.0,106.0
2747,187.0,28.0,245.0,194.0,106.0
2748,188.0,28.0,246.0,195.0,106.0
2749,189.0,28.0,246.0,194.0,106.0
2750,190.0,28.0,246.0,193.0,105.0
2751,191.0,28.0,246.0,193.0,105.0
2752,192.0,28.0,246.0,193.0,105.0
2753,193.0,27.0,246.0,193.0,105.0
2754,194.0,27.0,245.0,193.0,105.0
2755,195.0,27.0,245.0,193.0,106.0
2756,196.0,27.0,246.0,194.0,106.0
2757,197.0,27.0,246.0,194.0,106.0
2758,198.0,27.0,246.0,194.0,106.0
2759,199.0,27.0,246.0,194.0,106.0
2760,200.0,27.0,246.0,194.0,106.0
2761,201.0,27.0,246.0,194.0,106.0
2762,202.0,27.0,246.0,194.0,106.0
2763,203.0,27.0,246.0,193.0,106.0
2764,204.0,27.0,246.0,193.0,106.0
2765,205.0,27.0,246.0,193.0,106.0
2766,206.0,27.0,246.0,193.0,106.0
2767,207.0,27.0,246.0,193.0,106.0
2768,208.0,27.0,246.0,193.0,105.0
2769,209.0,27.0,246.0,193.0,105.0
2770,210.0,27.0,246.0,193.0,106.0
2771,211.0,27.0,246.0,193.0,106.0
2772,,,,,
2773,213.0,27.0,246.0,193.0,106.0
2774,214.0,27.0,246.0,193.0,106.0
2775,215.0,27.0,246.0,194.0,106.0
2776,216.0,27.0,246.0,194.0,106.0
2777,217.0,27.0,246.0,194.0,106.0
2778,,,,,
2779,,,,,
2780,220.0,27.0,247.0,194.0,107.0
2781,221.0,27.0,246.0,195.0,107.0
2782,222.0,27.0,246.0,195.0,107.0
2783,223.0,27.0,246.0,196.0,107.0
2784,224.0,28.0,246.0,196.0,107.0
2785,225.0,28.0,246.0,196.0,107.0
2786,226.0,28.0,246.0,196.0,107.0
2787,227.0,28.0,246.0,195.0,107.0
2788,228.0,28.0,246.0,195.0,106.0
2789,229.0,28.0,246.0,195.0,106.0
2790,230.0,28.0,246.0,195.0,106.0
2791,231.0,28.0,246.0,195.0,106.0
2792,232.0,28.0,246.0,195.0,106.0
2793,233.0,28.0,246.0,195.0,106.0
2794,234.0,28.0,246.0,195.0,106.0
2795,235.0,28.0,245.0,195.0,106.0
2796,236.0,28.0,245.0,195.0,106.0
2797,237.0,28.0,245.0,195.0,106.0
2798,238.0,28.0,245.0,195.0,106.0
2799,239.0,28.0,245.0,195.0,106.0
2800,240.0,28.0,245.0,195.0,106.0
2801,241.0,28.0,245.0,195.0,106.0
2802,242.0,28.0,245.0,195.0,106.0
2803,243.0,28.0,245.0,195.0,107.0
2804,244.0,28.0,246.0,195.0,107.0
2805,245.0,27.0,246.0,196.0,107.0
2806,246.0,27.0,246.0,197.0,107.0
2807,247.0,27.0,246.0,197.0,108.0
2808,248.0,27.0,246.0,196.0,107.0
2809,249.0,28.0,245.0,196.0,107.0
2810,250.0,28.0,245.0,196.0,107.0
2811,251.0,28.0,245.0,195.0,106.0
2812,252.0,28.0,245.0,196.0,107.0
2813,253.0,28.0,244.0,196.0,106.0
2814,254.0,28.0,244.0,196.0,107.0
2815,255.0,29.0,244.0,196.0,107.0
