0,1,2,3,4
,,,0.4918032786885246,0.3839206066012489
0.3368764172335601,0.24468396960335534,0.4756929637526652,0.4630952380952381,0.3206521739130435
0.5322916666666666,0.24468396960335534,0.31248185776487664,0.4482758620689655,0.4915254237288135
0.5303308823529411,0.6,0.25,0.5166666666666667,0.5045346416889682
0.4078947368421053,0.273972602739726,0.4190476190476191,0.5070422535211268,0.5175438596491229
0.4583333333333333,0.273972602739726,0.3556521739130435,0.4646464646464647,0.5042168181446
0.4863095238095239,0.26451612903225796,0.456099151989563,0.5166666666666667,0.5
0.5132404181184669,0.525,0.43174603174603177,0.5166666666666667,0.4774700289375775
0.5243902439024389,0.5073979591836735,0.5,0.4649305227337178,0.4774700289375775
0.5260840108401084,0.4772727272727272,0.4173160173160173,0.5151515151515151,0.4774700289375775
0.5243902439024389,0.4390243902439025,0.427170868347339,0.5151515151515151,0.4957627118644068
0.4941860465116279,0.43649332719742295,0.43174603174603177,0.5128205128205129,0.5169082125603864
0.5243902439024389,0.40996358821582257,0.6666666666666666,0.5151515151515151,0.5390720390720392
0.4883720930232557,0.3732638888888889,0.06372549019607843,0.5128205128205129,0.5708878887070377
0.4941860465116279,0.43649332719742295,0.0915593705293276,0.5070422535211268,0.5384615384615385
0.4883720930232557,0.41851478494623656,0.4818652849740933,0.5118450390189522,0.4924812030075187
0.4583333333333333,0.3882352941176471,0.4818652849740933,0.5035211267605634,0.5276848755109624
0.4883720930232557,0.4895788102475033,0.4806586698843069,0.5151515151515151,0.5084541062801933
0.4583333333333333,0.4893617021276596,0.46332851186931,0.24355555555555555,0.5
0.4583333333333333,0.4907995985279358,0.4573730862207897,0.42953020134228187,0.5
0.4583333333333333,0.4772727272727272,0.4891304347826088,0.5,0.5
0.5165768194070082,0.4777667984189724,0.4891304347826088,0.6666666666666667,0.4615384615384615
0.5294117647058825,0.525,0.4906515580736544,0.5952380952380952,0.4615384615384616
0.5277777777777778,0.5160211267605634,0.3947368421052632,0.5,0.4615384615384616
0.5243902439024389,0.5070422535211268,0.4842912447885647,0.4893617021276596,0.4634146341463415
0.5142857142857143,0.5128205128205129,0.42028985507246375,0.4875379939209726,0.4957627118644068
0.5142857142857143,0.525,0.42028985507246375,0.4893617021276596,0.4864864864864865
0.5233228511530399,0.5189102564102565,0.44987095493349216,0.4893617021276596,0.5
0.5247584541062802,0.525,0.5,0.4916643512086691,0.5
0.5071428571428571,0.5294117647058824,0.5,0.5,0.5
0.5216290842153705,0.5189102564102565,0.6666666666666666,0.4946808510638298,0.4957627118644068
0.5285947712418302,0.5128205128205129,0.7363184079601991,0.5,0.5
0.5216290842153705,0.5121951219512195,0.3654188948306595,0.513888888888889,0.5
0.7322852586010481,0.4994227661048257,0.6144249512670565,0.4857142857142857,0.504
0.7322852586010481,0.5185975609756097,0.42028985507246375,0.5,0.5
0.4555555555555555,0.525,0.4178571428571428,0.5,0.5
0.5162669447340981,0.5125078173858661,0.4178571428571428,0.5,0.5
0.5162669447340981,0.5102040816326531,0.4310751600943714,0.5,0.4973118279569893
0.4912280701754386,0.5070422535211268,0.41128057988523103,0.5,0.504
0.5,0.5111996017919362,0.4352159468438538,0.5,0.5953322040278561
0.4947368421052632,0.5070422535211268,0.4444444444444445,0.5,0.6149068322981366
0.503968253968254,0.4971910112359551,0.4418604651162791,0.5,0.527056277056277
0.4895164741121096,0.4930926505802174,0.4475743348982786,0.5,0.5155969634230504
0.5,0.4971910112359551,0.4374656656290057,0.5,0.5172413793103449
0.4869230769230769,0.5087719298245614,0.44315245478036175,0.5,0.5170747959353656
0.4840336134453781,0.5070422535211268,0.4196687370600414,0.5,0.5138996138996139
0.5,0.5,0.4178571428571428,0.5,0.5087567567567568
0.5,0.4912280701754386,0.4161255411255411,0.5,0.5135135135135135
0.5,0.4897959183673469,0.4244306418219461,0.4931506849315068,0.5155969634230504
0.4871794871794872,0.4895788102475033,0.4418604651162791,0.490165086055497,0.5138996138996139
0.4871794871794872,0.4782608695652175,0.453923541247485,0.4956521739130435,0.5174442190669372
0.5,0.4905119942713928,0.44315245478036175,0.4651162790697674,0.5172413793103449
0.5,0.4868683510638298,0.4444444444444444,0.6437728937728937,0.5155969634230504
0.5,0.4782608695652175,0.4507042253521128,0.6437728937728937,0.5142857142857143
0.5,0.4895788102475033,0.4418604651162791,0.6052631578947368,0.5238095238095238
0.503968253968254,0.4868683510638298,0.4593406593406594,0.600250626566416,0.52
0.5111111111111111,0.4727272727272727,0.4444444444444444,0.5952380952380952,0.539345711759505
0.5121951219512195,0.4705882352941176,0.6666666666666666,0.5659117305458771,0.4915254237288135
0.5121951219512195,0.4562020460358056,0.6666666666666666,0.5659117305458771,0.4443580614398373
0.5121951219512195,0.4727272727272727,0.4711538461538462,0.5,0.4915254237288135
0.5116531165311653,0.4494906621392191,0.4396358543417367,0.4956521739130435,0.5488383467840549
0.5116531165311653,0.4663200723327306,0.4475743348982786,0.5327102803738318,0.5127091377091377
0.5121951219512195,0.4591194968553459,0.4411764705882353,0.4522658610271903,0.5155969634230504
0.5116531165311653,0.4657534246575342,0.4418604651162791,0.5407697325505545,0.5155969634230504
0.5116531165311653,0.4716577540106952,0.4475743348982786,0.3426666666666667,0.5
0.5111111111111111,0.4705882352941176,0.4508423087544877,0.4863013698630137,0.502
0.5121951219512195,0.4705882352941177,0.4396358543417367,0.3426666666666667,0.502
0.5121951219512195,0.4705882352941176,0.4509803921568628,0.4070476190476191,0.5138996138996139
0.5121951219512195,0.4705882352941176,0.4509803921568628,0.4714285714285714,0.5
0.5116531165311653,0.4699879951980792,0.4593406593406594,0.4070476190476191,0.5
0.5095238095238095,0.4705882352941176,0.4689102564102564,0.4615384615384615,0.5
0.5095238095238095,0.4705882352941176,0.4689102564102564,0.4764550264550265,0.5142857142857143
0.5121951219512195,0.4699879951980792,0.4689102564102564,0.3934426229508197,0.5142857142857143
0.5121951219512195,0.4688710927408938,0.4666666666666667,0.4016393442622951,0.5079523809523809
0.503968253968254,0.4675105485232067,0.4634146341463415,0.418943533697632,0.5172413793103449
0.5106382978723405,0.4688710927408938,0.4593406593406594,0.4444444444444444,0.5257936507936508
0.5121951219512195,0.4705882352941176,0.4642857142857143,0.3934426229508197,0.5135135135135135
0.5092874029044242,0.4705882352941176,0.45406162464985994,0.4444444444444444,0.511904761904762
0.503968253968254,0.4637218045112783,0.4571428571428572,0.418943533697632,0.5142857142857143
0.5,0.3442622950819673,0.4634146341463415,0.4714285714285714,0.5142857142857143
0.503968253968254,0.3442622950819673,0.4634146341463415,0.5201323772752344,0.5169082125603864
0.5,0.4601503759398496,0.4624765478424015,0.5,0.5135135135135135
0.5,0.4571428571428572,0.4615384615384615,0.4904777814901437,0.504
0.5,0.4552139037433155,0.4736842105263158,0.4862781954887218,0.5
0.5,0.4571428571428572,0.4736842105263158,0.4878048780487805,0.5
0.5,0.2829153605015674,0.4857142857142857,0.4944014294222752,0.502
0.5,0.2829153605015674,0.4736842105263158,0.4904777814901437,0.504
0.5,0.29310344827586204,0.4736842105263158,0.4931506849315068,0.5127091377091377
0.5042016806722689,0.2996011964107677,0.4711538461538462,0.4870107962213226,0.5083333333333333
0.5,0.2947860962566845,0.472419028340081,0.4870107962213226,0.504
0.5021008403361344,0.31099257884972165,0.4711538461538462,0.4870107962213226,0.5127091377091377
0.5,0.3158076790038049,0.4736842105263158,0.486842105263158,0.5127091377091377
0.5,0.3333333333333333,0.4765681326604182,0.486842105263158,0.5083333333333333
0.5,0.3356807511737089,0.4689102564102564,0.4874921826141338,0.5127091377091377
0.5088702147525677,0.3299319727891156,0.4666666666666667,0.4862781954887218,0.5142857142857143
0.5,0.3333333333333333,0.4677197802197802,0.4725563909774436,0.5142857142857143
0.5,0.425,0.4736842105263158,0.4736842105263158,0.5142857142857143
0.5,0.43396226415094336,0.4725563909774436,0.4651162790697674,0.5043809523809524
0.5,0.35135135135135137,0.4712912087912088,0.4714285714285714,0.5061122956645345
0.5,0.3471311475409836,0.4712912087912088,0.4714285714285714,0.5074626865671642
0.5,0.3508771929824561,0.4725563909774436,0.4683544303797468,0.5135135135135135
0.5275531596286314,0.35135135135135137,0.4736842105263158,0.4704081632653061,0.5043809523809524
0.5275531596286314,0.35135135135135137,0.4736842105263158,0.4683544303797468,0.5047619047619047
0.5,0.3548387096774194,0.4714285714285714,0.4725563909774436,0.5061122956645345
0.5,0.3636363636363637,0.4725563909774436,0.4931506849315068,0.5081967213114754
0.5,0.3511142721669037,0.4642857142857143,0.4931506849315068,0.5043809523809524
0.5,0.2954545454545454,0.4711538461538462,0.4931506849315068,0.5682831661092531
0.5,0.3636363636363637,0.4689102564102564,0.4871794871794872,0.572463768115942
0.5,0.3750000000000001,0.4736842105263158,0.4814814814814815,0.6341463414634148
0.5,0.43437243642329776,0.4725563909774436,0.4807407407407408,0.6403490328006729
0.5,0.43333333333333335,0.4712912087912088,0.4883720930232557,0.5175438596491229
0.5,0.43503836317135547,0.4736842105263158,0.4883720930232557,0.6278019404483105
0.5,0.43478260869565216,0.4736842105263158,0.4870107962213226,0.5277777777777778
0.5063047025663848,0.4376940133037695,0.4711538461538462,0.4862781954887218,0.5135135135135135
0.5063047025663848,0.4376940133037695,0.4711538461538462,0.4874921826141338,0.5142857142857143
0.5,0.43503836317135547,0.4708710407239819,0.4870107962213226,0.511904761904762
0.5,0.43478260869565216,0.4705882352941176,0.4870107962213226,0.5142857142857143
0.5,0.4376940133037695,0.4642857142857143,0.4870107962213226,0.5127091377091377
0.5,0.4363636363636363,0.4638501742160279,0.4444444444444444,0.5142857142857143
0.5,0.4436507936507936,0.4631578947368422,0.418943533697632,0.5142857142857143
0.5,0.4436507936507936,0.4567809239940388,0.3705308352849336,0.5127091377091377
0.5,0.4436507936507936,0.4101449275362319,0.3476190476190476,0.5112715298885513
0.5,0.4436507936507936,0.4101449275362319,0.4618472162278808,0.5142857142857143
0.5,0.44082367053178734,0.4736842105263158,0.4862781954887218,0.5142857142857143
0.5,0.4426229508196722,0.4725563909774436,0.4814814814814815,0.5135135135135135
0.5,0.4426229508196722,0.4711538461538462,0.4704081632653061,0.5142857142857143
0.5,0.43396226415094336,0.4712912087912088,0.4714285714285714,0.5112715298885513
0.5,0.43478260869565216,0.4712912087912088,0.476842105263158,0.5081967213114754
0.5,0.4354838709677419,0.4705882352941176,0.4706540447504303,0.5078297039393198
0.5,0.4354838709677419,0.4638501742160279,0.4871794871794872,0.5127091377091377
0.5,0.4359237536656891,0.4657534246575342,0.4791304347826088,0.5106382978723405
0.5,0.4307692307692307,0.4686274509803922,0.4814814814814815,0.5106382978723405
0.5,0.4080290010741139,0.4705882352941176,0.4807407407407408,0.5108747044917258
0.5,0.3703703703703704,0.4736842105263158,0.4714285714285714,0.5081967213114754
0.5,0.35000000000000003,0.4705882352941176,0.4706540447504303,0.5108747044917258
0.5,0.35135135135135137,0.4650195694716242,0.474937343358396,0.5106382978723405
0.5,0.35450268817204295,0.4705882352941176,0.4736842105263158,0.5081967213114754
0.5,0.4175443458980044,0.4736842105263158,0.4761904761904762,0.5061122956645345
0.5,0.4310344827586207,0.4705882352941176,0.4736842105263158,0.5078297039393198
0.5,0.4310344827586207,0.4708710407239819,0.4736842105263158,0.5081967213114754
0.5,0.4307692307692307,0.4705882352941176,0.4736842105263158,0.5081967213114754
0.5,0.4307692307692307,0.4657534246575342,0.4862781954887218,0.5061585277496015
0.5,0.4325757575757576,0.4615384615384615,0.4207589285714286,0.5
0.5,0.43333333333333335,0.4657534246575342,0.4814814814814815,0.5061122956645345
0.4951456310679611,0.43333333333333335,0.4705882352941176,0.4452830188679245,0.5074626865671642
0.4951456310679611,0.4325757575757576,0.4714285714285714,0.4736842105263158,0.5
0.5,0.43333333333333335,0.4705882352941176,0.4736842105263158,0.502
0.5,0.43333333333333335,0.4736842105263158,0.4736842105263158,0.5043809523809524
0.5,0.4309018567639257,0.4725563909774436,0.4736842105263158,0.5
0.5,0.4310344827586207,0.4714285714285714,0.4736842105263158,0.5
0.4933355273983873,0.4310344827586207,0.4650195694716242,0.4814814814814815,0.504
0.4933355273983873,0.3999052357261312,0.475,0.4864864864864865,0.5
0.4975728155339806,0.3555015466195316,0.4686274509803922,0.4866642958748222,0.5078297039393198
0.5,0.35135135135135137,0.4666666666666667,0.4675105485232067,0.5078297039393198
0.4951456310679611,0.3508771929824561,0.4705882352941176,0.4775919732441472,0.5081967213114754
0.5,0.3504385964912281,0.4662100456621005,0.4814814814814815,0.5094175095919079
0.5,0.3414634146341464,0.4767541971588464,0.4864864864864865,0.5078297039393198
0.4915254237288135,0.35,0.4751237623762376,0.44866890669423626,0.5074626865671642
0.4975728155339806,0.3461538461538461,0.4634146341463415,0.486842105263158,0.5081967213114754
0.5021008403361344,0.359375,0.4642857142857143,0.4873234916559692,0.5078297039393198
0.4555555555555555,0.3623188405797101,0.4635913750441853,0.4878048780487805,0.5070422535211268
0.5121951219512195,0.3424657534246575,0.4736842105263158,0.4857142857142857,0.5106382978723405
0.4915254237288135,0.36,0.4712912087912088,0.4785670545009186,0.5081967213114754
0.4951456310679611,0.3511142721669037,0.4714285714285714,0.4775919732441472,0.5078297039393198
0.4925373134328359,0.3548387096774194,0.4705882352941176,0.476923076923077,0.5047619047619047
0.4913767469521261,0.3333333333333333,0.4736842105263158,0.4761904761904762,0.5047619047619047
0.4915254237288135,0.3333333333333333,0.4725563909774436,0.4857142857142857,0.5072524700441454
0.490909090909091,0.3787878787878788,0.4736842105263158,0.486842105263158,0.5078297039393198
0.49073756432247,0.4081632653061224,0.4736842105263158,0.4778981581798484,0.5
0.490909090909091,0.40740740740740733,0.4736842105263158,0.4706540447504303,0.5059020791415157
0.490566037735849,0.4067796610169491,0.4743421052631579,0.4706540447504303,0.5074626865671642
0.4912280701754386,0.40778533635676495,0.4743421052631579,0.4761904761904762,0.5059020791415157
0.4912280701754386,0.40362019688790096,0.4751237623762376,0.4857142857142857,0.5072524700441454
0.4912280701754386,0.3787878787878788,0.4743421052631579,0.4857142857142857,0.5094175095919079
0.490909090909091,0.3828473863934857,0.4754286404250181,0.4857142857142857,0.5047619047619047
0.4900746855345911,0.4081632653061224,0.4751237623762376,0.4761904761904762,0.5078297039393198
0.490566037735849,0.4095238095238095,0.475,0.4794366197183098,0.5074626865671642
0.4900746855345911,0.4070935342121783,0.4782608695652175,0.4814814814814815,0.502
0.490909090909091,0.4067796610169491,0.47560975609756106,0.4444444444444444,0.504
0.490566037735849,0.4067796610169491,0.4752475247524752,0.4444444444444444,0.504
0.4893617021276596,0.4081632653061224,0.4754286404250181,0.44640694153272775,0.502
0.4893617021276596,0.4095238095238095,0.4705882352941176,0.4794366197183098,0.5072524700441454
0.4888888888888889,0.4096385542168674,0.4782608695652175,0.4775919732441472,0.504
0.4883720930232557,0.4106076571829997,0.478856462179869,0.4807407407407408,0.5043809523809524
0.4883720930232557,0.411764705882353,0.4754286404250181,0.4835978835978836,0.5043809523809524
0.4880884855360181,0.3857142857142857,0.4818121693121693,0.4807407407407408,0.504
0.4871794871794872,0.3857142857142857,0.4807407407407408,0.4862781954887218,0.5
0.4870107962213226,0.4150943396226415,0.48,0.4862781954887218,0.5
0.4871794871794872,0.4150943396226415,0.478856462179869,0.4878048780487805,0.5
0.4878048780487805,0.4126984126984127,0.47560975609756106,0.4794366197183098,0.5
0.4871794871794872,0.41356321839080457,0.4821428571428572,0.4788732394366198,0.504
0.4864864864864865,0.32797220792588777,0.4818121693121693,0.4794366197183098,0.5
0.4871794871794872,0.32797220792588777,0.4821428571428572,0.4857142857142857,0.5
0.4864864864864865,0.4150943396226415,0.4827586206896552,0.4638236956575164,0.5
0.4871794871794872,0.4142857142857143,0.4821428571428572,0.4835978835978836,0.5
0.5121951219512195,0.41463414634146345,0.3725490196078432,0.4861003861003861,0.5
0.5121951219512195,0.4150943396226415,0.3725490196078432,0.4918918918918919,0.5
0.4871794871794872,0.3111111111111111,0.4725563909774436,0.5,0.5
0.4868329868329868,0.2144808743169399,0.4736842105263158,0.4857142857142857,0.502
0.4870107962213226,0.2144808743169399,0.4705882352941176,0.4444444444444444,0.5
0.4864864864864865,0.28905106521385593,0.4782608695652175,0.4814814814814815,0.5
0.4864864864864865,0.28964059196617337,0.4725563909774436,0.4857142857142857,0.502
0.4857142857142857,0.3333333333333333,0.465891472868217,0.4870107962213226,0.5
0.4857142857142857,0.3785831285831286,0.4714285714285714,0.4761904761904762,0.5
0.4857142857142857,0.3787878787878788,0.4666666666666666,0.4857142857142857,0.5
0.4823529411764706,0.413015873015873,0.4736842105263158,0.4878048780487805,0.5
0.4823529411764706,0.39436619718309857,0.4666666666666666,0.4871794871794872,0.504
0.4823529411764706,0.3693957115009746,0.4666666666666666,0.4871794871794872,0.5
0.4807692307692307,0.3693957115009746,0.4736842105263158,0.486842105263158,0.5
0.4782608695652175,0.4150943396226415,0.4736842105263158,0.4873234916559692,0.5
0.4782608695652175,0.4137931034482759,0.4736842105263158,0.4878048780487805,0.5
0.4782608695652175,0.4067796610169491,0.4736842105263158,0.4444444444444444,0.5
0.4782608695652175,0.4067796610169491,0.4725563909774436,0.4794366197183098,0.5
0.4782608695652175,0.4,0.4705882352941176,0.486842105263158,0.5
0.4772727272727272,0.4117647058823529,0.4651162790697674,0.4753086419753087,0.5
0.4782608695652175,0.3380281690140845,0.4691358024691358,0.4706540447504303,0.5
0.4777667984189724,0.3380281690140845,0.4689671964230378,0.4744964262508122,0.5175438596491229
0.4772727272727272,0.3772038354469533,0.4736842105263158,0.4871794871794872,0.5702473396606271
0.4772727272727272,0.375,0.4699879951980792,0.4864864864864865,0.5473397224058163
0.4772727272727272,0.3541666666666667,0.4736842105263158,0.4698795180722891,0.5
0.4772727272727272,0.35275900900900903,0.4736842105263158,0.477531857813548,0.5
0.475,0.3685185185185185,0.4736842105263158,0.4874921826141338,0.5
0.4722222222222223,0.3511142721669037,0.4736842105263158,0.4878048780487805,0.5
0.4722222222222223,0.3504385964912281,0.4736842105263158,0.4871794871794872,0.5
0.475,0.36,0.47295321637426896,0.4878048780487805,0.5
0.475,0.35135135135135137,0.4718253968253968,0.4871794871794872,0.5
0.475,0.3541666666666667,0.4736842105263158,0.5,0.5
0.4766355140186916,0.3541666666666667,0.4743421052631579,0.5,0.5
0.475,0.35275900900900903,0.4759001161440186,0.4835978835978836,0.5
0.4722222222222223,0.35,0.475,0.4857142857142857,0.502
0.4722222222222223,0.3511142721669037,0.4736842105263158,0.4857142857142857,0.5
0.4722222222222223,0.36,0.475,0.4824989824989825,0.5043809523809524
0.4772727272727272,0.359375,0.4712912087912088,0.4862781954887218,0.5
0.4772727272727272,0.359375,0.4736842105263158,0.5,0.502
0.4772727272727272,0.3857142857142857,0.4736842105263158,0.4857142857142857,0.5
0.475,0.3636363636363637,0.4699879951980792,0.4807692307692307,0.5
0.4772727272727272,0.3636363636363637,0.5381297446514838,0.4714285714285714,0.5
0.475,0.3787878787878788,0.5381297446514838,0.4562188198864614,0.5
0.475,0.3645104895104895,0.4736842105263158,0.4873234916559692,0.5
0.4772727272727272,0.3653846153846154,0.4736842105263158,0.4787234042553191,0.5
0.4772727272727272,0.3645104895104895,0.4711538461538462,0.45041764116271293,0.5
0.4777667984189724,0.3793103448275862,0.5714285714285715,0.4883720930232557,0.5
0.4772727272727272,0.3793103448275862,0.5085324232081911,0.4878048780487805,0.5
0.4772727272727272,0.3880597014925374,0.5381297446514838,0.4933333333333334,0.5
0.4772727272727272,0.3880597014925374,0.4666666666666666,0.4503316321654529,0.5
0.4772727272727272,0.390625,0.4699879951980792,0.4503316321654529,0.5
0.4772727272727272,0.3936116700201208,0.4711538461538462,0.4638236956575164,0.5
0.4772727272727272,0.3936116700201208,0.4705882352941176,0.4444444444444444,0.5
0.4772727272727272,0.3955957970042477,0.4736842105263158,0.44769908138786496,0.5
0.4758177570093458,0.4052044609665427,0.4824507389162562,0.4857142857142857,0.5
0.4772727272727272,0.4052044609665427,0.475,0.4857142857142857,0.5
0.4772727272727272,0.4067796610169491,0.4736842105263158,0.5,0.5
0.4782608695652175,0.40362019688790096,0.475,0.5,0.5
0.4782608695652175,0.4067796610169491,0.4752475247524752,0.5,0.5
0.4782608695652175,0.4057971014492754,0.4714285714285714,0.48,0.5
0.4777667984189724,0.3868869936034116,0.4761904761904762,0.4714285714285714,0.5
0.4772727272727272,0.39096467391304346,0.4761904761904762,0.4770909407059642,0.5
0.4782608695652175,0.3893423507462687,0.4772256728778469,0.4857142857142857,0.5
0.4133333333333333,0.411764705882353,0.4818121693121693,0.4857142857142857,0.5
0.5471698113207547,0.4130434782608696,0.4847926267281106,0.4861003861003861,0.5
0.4583333333333333,0.4230769230769231,0.4847926267281106,0.4931506849315068,0.5
0.4772727272727272,0.4198717948717949,0.4821428571428572,0.4878048780487805,0.5
0.4782608695652175,0.4198717948717949,0.4877757901013714,0.4870107962213226,0.5
0.4772727272727272,0.4256037952846463,0.4892460684551342,0.5,0.5
0.4772727272727272,0.4148010558216834,0.4891304347826088,0.4933333333333334,0.5
0.4772727272727272,0.4158805031446541,0.4892460684551342,0.4936708860759493,0.523747886728656
0.4772727272727272,0.4390243902439025,0.4915254237288135,0.4814814814814815,0.5175438596491229
0.4772727272727272,0.4371268001404988,0.4931506849315068,0.4838914256722476,0.6229508196721312
0.4772727272727272,0.4383561643835617,0.4940400170285228,0.4579365079365079,0.5384615384615385
0.4772727272727272,0.4444444444444444,0.4893617021276596,0.4714285714285714,0.5
0.4772727272727272,0.4444444444444444,0.4909550195567145,0.4714285714285714,0.5
0.4772727272727272,0.4444444444444444,0.4909550195567145,0.4823529411764706,0.5
0.4772727272727272,0.44963768115942027,0.4942528735632184,0.4823529411764706,0.5
0.4772727272727272,0.4436507936507936,0.5,0.4936708860759493,0.5
0.4782608695652175,0.4404424276800908,0.5,0.4933333333333334,0.5
0.4772727272727272,0.4444444444444444,0.5,0.4939015320541424,0.5
0.4782608695652175,0.4643581938102486,0.5,0.4932420091324201,0.5
0.4782608695652175,0.4629629629629629,0.5,0.4933333333333334,0.5
0.4782608695652175,0.46875,0.5,0.5299625468164794,0.5
0.4782608695652175,0.4657534246575342,0.5,0.5899919289749798,0.5
0.4782608695652175,0.4675324675324676,0.5,0.5983395633566282,0.5
0.4772727272727272,0.4705882352941176,0.5,0.48,0.5
0.4772727272727272,0.4693877551020407,0.5,0.4812470698546648,0.5
0.4772727272727272,0.4705882352941176,0.5,0.4857142857142857,0.5
0.4782608695652175,0.4690688775510203,0.5,0.4734432234432234,0.5
0.4772727272727272,0.4743589743589744,0.5,0.48,0.4443580614398373
0.4772727272727272,0.4745762711864406,0.5,0.4793617021276596,0.5045346416889682
0.4772727272727272,0.46875,0.5,0.4823529411764706,0.6229508196721312
0.475,0.4705882352941176,0.5,0.4866642958748222,0.5078297039393198
0.4761904761904762,0.4805194805194805,0.5,0.49030684820158504,0.5045871559633027
0.4782608695652175,0.4842105263157894,0.5,0.4887218045112782,0.5
0.4772727272727272,0.4772256728778468,0.5,0.49030684820158504,0.5
0.4772727272727272,0.4782608695652175,0.5,0.4823529411764706,0.5
0.4772727272727272,0.4791666666666666,0.5,0.4823529411764706,0.5
0.4772727272727272,0.4767316017316017,0.5,0.4840336134453781,0.5
0.4772727272727272,0.4772727272727272,0.5,0.4938271604938272,0.5
0.4772727272727272,0.4772727272727272,0.5,0.6121553884711779,0.5
0.475,0.4805194805194805,0.5,0.5952380952380952,0.5
0.4772727272727272,0.4772727272727272,0.5,0.600250626566416,0.5
0.4772727272727272,0.4795833333333333,0.5,0.4969026548672566,0.5
0.475,0.4699879951980792,0.5,0.5762223165640699,0.5
0.475,0.4705882352941176,0.5,0.4933333333333334,0.5
0.475,0.4705882352941176,0.5,0.4890840056953013,0.5
0.475,0.4788732394366198,0.5,0.4878048780487805,0.5
0.4722222222222223,0.4805194805194805,0.5,0.4912280701754386,0.5
0.4727272727272727,0.4761904761904762,0.5,0.4933333333333334,0.6136363636363636
0.4711431742508324,0.4736842105263158,0.5,0.4948849104859335,0.5175438596491229
0.4705882352941176,0.4743223443223443,0.5066253780786403,0.4978260869565218,0.5175438596491229
0.4716981132075472,0.4772727272727272,0.5098039215686275,0.4949525237381309,0.5039685039370079
0.4694713328369322,0.4788732394366198,0.5038167938931297,0.4978260869565218,0.5042935779816513
0.4705882352941176,0.4806443556443556,0.5098039215686275,0.4935021097046414,0.5047619047619047
0.4694713328369322,0.4785670545009186,0.5111111111111111,0.4936708860759493,0.5
0.4680851063829787,0.490909090909091,0.5111111111111111,0.4793617021276596,0.5431304634669306
0.4683544303797468,0.4903846153846154,0.5121951219512195,0.4739141810570382,0.5823283858998145
0.4666666666666667,0.4807692307692307,0.5106382978723405,0.4739141810570382,0.6308724832214765
0.4666666666666667,0.4875,0.5102211097204841,0.5,0.5263157894736842
0.4666666666666667,0.4875,0.5098039215686275,0.4935021097046414,0.5
0.4666666666666667,0.49029034690799395,0.5111111111111111,0.4938271604938272,0.5823283858998145
0.4651162790697674,0.4916643512086691,0.5108695652173914,0.4939759036144578,0.6136363636363636
0.4653167602245389,0.4915254237288135,0.5119115144639819,0.4918032786885246,0.6149068322981366
0.4651162790697674,0.5084745762711864,0.5119115144639819,0.5,0.5
0.4651162790697674,0.5140873015873016,0.5121951219512195,0.5,0.5
0.464,0.5083356487913309,0.5125078173858661,0.5,0.5
0.4651162790697674,0.5,0.5121951219512195,0.4891252955082743,0.5
0.464,0.5142857142857143,0.5116279069767441,0.4942528735632184,0.5
0.4634146341463415,0.5177304964539007,0.5114503816793893,0.4938271604938272,0.5
0.4642857142857144,0.5204166666666667,0.5135135135135135,0.4942528735632184,0.5
0.4642857142857144,0.5163978494623656,0.5142857142857143,0.4939759036144578,0.5138996138996139
0.4634146341463415,0.5196153846153846,0.5142857142857143,0.5,0.5384615384615384
0.4634146341463415,0.5263157894736842,0.5142857142857143,0.5,0.5823283858998145
0.4629629629629629,0.53125,0.5142857142857143,0.4938271604938272,0.5213532630455091
0.4642857142857144,0.5323627984918308,0.5142857142857143,0.5,0.3773148148148148
0.4634146341463415,0.5211267605633804,0.5135135135135135,0.4941143885888381,0.5045346416889682
0.4634146341463415,0.5263157894736842,0.5142857142857143,0.4942528735632184,0.5238095238095238
0.4634146341463415,0.5241998438719749,0.5142857142857143,0.5,0.520408163265306
0.4631887985546522,0.5230769230769231,0.5142857142857143,0.5,0.5169491525423728
0.4615384615384615,0.5098060396562485,0.5142857142857143,0.5,0.5282142857142857
0.4615384615384616,0.5,0.5135135135135135,0.5,0.5108747044917258
0.4629629629629629,0.490909090909091,0.5167662116040956,0.5,0.5181347150259067
0.4634146341463415,0.510657596371882,0.13333333333333333,0.4946808510638298,0.4959708717311845
0.4634146341463415,0.5140873015873016,0.5511463844797179,0.600250626566416,0.39674349772357853
0.4631887985546522,0.5230769230769231,0.5135135135135135,0.6204994192799071,0.4133333333333333
0.4642857142857144,0.5241998438719749,0.5135135135135135,0.6204994192799071,0.4044985667949008
0.4629629629629629,0.5211267605633804,0.5135135135135135,0.5,0.32282608695652176
0.4634146341463415,0.5166666666666667,0.5121951219512195,0.4971264367816092,0.3206521739130435
0.4615384615384615,0.5156249999999999,0.5135135135135135,0.4938271604938272,0.4125
0.4615384615384616,0.5303308823529412,0.5142857142857143,0.6219512195121951,0.5175438596491229
0.4607692307692307,0.5278637770897833,0.5121951219512195,0.6438725490196078,0.4915254237288135
0.4615384615384616,0.5294117647058824,0.5135135135135135,0.625,0.4915254237288135
0.4629629629629629,0.5373134328358209,0.5135135135135135,0.5107539315448659,0.5
0.4615384615384616,0.5322580645161291,0.5135135135135135,0.5,0.5
0.4615384615384615,0.5384615384615385,0.5128205128205129,0.5,0.5
0.4594594594594594,0.5294117647058825,0.5128205128205129,0.6630052020808324,0.5169286825513797
0.4607692307692307,0.5322580645161291,0.5135135135135135,0.6489795918367347,0.5169973035439137
0.4615384615384615,0.5303308823529412,0.5138996138996139,0.625,0.5
0.4594594594594594,0.5322580645161291,0.5128205128205129,0.6666666666666666,0.5175438596491229
0.4594594594594594,0.5273088381330685,0.5135135135135135,0.631161971830986,0.5175438596491229
0.4594594594594594,0.5294117647058825,0.5135135135135135,0.4957396021699819,0.5303030303030303
0.4594594594594594,0.5294117647058824,0.5135135135135135,0.5068493150684932,0.5
0.4594594594594594,0.5373134328358209,0.5135135135135135,0.4942528735632184,0.5
0.4594594594594594,0.5378874856486797,0.5125078173858661,0.5106382978723405,0.5
0.4594594594594594,0.5317540322580645,0.5142857142857143,0.5106382978723405,0.5
0.4583333333333333,0.5322580645161291,0.5142857142857143,0.6666666666666666,0.5
0.4583333333333333,0.5396825396825397,0.5142857142857143,0.6649659863945578,0.5
0.4545454545454545,0.53125,0.5144508670520231,0.6793478260869565,0.5
0.4571428571428572,0.5288568257491676,0.5143682906688687,0.5108695652173914,0.4959708717311845
0.4571428571428572,0.5273088381330685,0.5142857142857143,0.5154943096119566,0.4959708717311845
0.4571428571428572,0.5303308823529412,0.5135135135135135,0.5128205128205129,0.5175438596491229
0.4565217391304348,0.5303308823529412,0.5143682906688687,0.513888888888889,0.520408163265306
0.456140350877193,0.5086232530478739,0.5149722072798996,0.5,0.5
0.4545454545454545,0.5086232530478739,0.5142857142857143,0.5,0.5
0.4545454545454545,0.509090909090909,0.5151515151515151,0.5,0.5327102803738318
0.4545454545454545,0.5206906392694064,0.5151515151515151,0.5,0.5135561470965198
0.4545454545454545,0.5206906392694064,0.5151515151515151,0.5,0.4915254237288135
0.4545454545454545,0.5092624356775299,0.5161290322580645,0.5128205128205129,0.5
0.4539393939393939,0.5151515151515151,0.5168539325842697,0.513888888888889,0.5
0.4526055705300989,0.5149286987522281,0.5168539325842697,0.5778901227352425,0.5
0.4523809523809525,0.5084745762711864,0.5181878306878307,0.585165674148725,0.5
0.4523809523809525,0.5081967213114754,0.5185185185185186,0.6222222222222222,0.5
0.4509803921568628,0.5102040816326531,0.5187529301453353,0.6219512195121951,0.5019685039370079
0.4523809523809525,0.5102040816326531,0.52,0.5952380952380952,0.5
0.4523809523809525,0.5081967213114754,0.5217391304347826,0.5212016781540306,0.5
0.4523809523809525,0.5084745762711864,0.5217391304347826,0.5135135135135135,0.5
0.4523809523809525,0.5079365079365079,0.5204166666666667,0.5128205128205129,0.4912280701754386
0.4523809523809525,0.5084745762711864,0.52,0.5131670131670132,0.4912280701754386
0.45,0.5081967213114754,0.52,0.5108695652173914,0.5372307692307692
0.45,0.5084745762711864,0.52,0.5077584148961566,0.5
0.45,0.5094339622641509,0.52,0.5,0.5
0.45,0.5102040816326531,0.5192307692307693,0.5107539315448659,0.5
0.45,0.5094339622641509,0.5208333333333334,0.5109903381642512,0.5
0.45,0.5102040816326531,0.52,0.5116279069767441,0.5
0.45,0.5102040816326531,0.5217391304347826,0.5,0.5
0.45,0.513888888888889,0.5230769230769231,0.5,0.5046745303626037
0.45,0.513888888888889,0.52,0.513888888888889,0.5
0.4489795918367347,0.5074626865671642,0.5213737668980636,0.5162518853695324,0.5045871559633027
0.4489795918367347,0.5094339622641509,0.5208333333333334,0.5180722891566264,0.502
0.4489795918367347,0.5081967213114754,0.52,0.5169540229885058,0.41125
0.4482758620689655,0.5087719298245614,0.52,0.5180722891566264,0.4125
0.4475648075412412,0.5092624356775299,0.5217391304347826,0.5140873015873016,0.5142857142857143
0.4444444444444444,0.5079365079365079,0.5227272727272726,0.5,0.5078297039393198
0.4444444444444444,0.5217391304347826,0.5238095238095238,0.5166666666666667,0.5072524700441454
0.4489795918367347,0.5211267605633804,0.5153846153846154,0.5,0.5086705202312138
0.4489795918367347,0.5111111111111111,0.5210946408209807,0.5180722891566264,0.5081967213114754
0.4480185280494081,0.5887327608639084,0.52,0.5180722891566264,0.5078297039393198
0.4489795918367347,0.5901639344262296,0.5210084033613446,0.5209800469483569,0.5039370078740159
0.4484969053934571,0.5294117647058824,0.52,0.5,0.5039370078740159
0.4488487702773417,0.5102040816326531,0.52,0.5,0.5086705202312138
0.4489795918367347,0.5094339622641509,0.5173555377207063,0.5,0.5545531120289839
0.4489795918367347,0.5074626865671642,0.520920868347339,0.5,0.5515518707482994
0.4489795918367347,0.5177304964539007,0.5208333333333334,0.5,0.5102040816326531
0.45,0.5151515151515151,0.52,0.5,0.41
0.45,0.5084745762711864,0.5217391304347826,0.5,0.41125
0.45,0.509819021948402,0.5208333333333334,0.6678571428571428,0.5719461697722568
0.4615384615384615,0.5084745762711864,0.5227272727272726,0.6793478260869565,0.5074626865671642
0.4615384615384615,0.5081967213114754,0.5222332015810276,0.6666666666666666,0.5630952380952381
0.4615384615384615,0.5087719298245614,0.5217391304347826,0.6678571428571428,0.5630952380952381
0.4615384615384615,0.5102040816326531,0.5217391304347826,0.6140350877192982,0.5094373009319335
0.4605263157894737,0.5102040816326531,0.5208333333333334,0.5291051847840802,0.5072524700441454
0.4615384615384615,0.5071443151663604,0.5185185185185186,0.5247524752475248,0.5107539315448659
0.4615384615384616,0.5,0.5217391304347826,0.5272028385570668,0.5094373009319335
0.4615384615384616,0.5070422535211268,0.5277777777777778,0.5301204819277109,0.5418653442685486
0.4634146341463415,0.5030120481927711,0.5091681723884094,0.5227272727272726,0.41
0.4615384615384616,0.5,0.5317460317460317,0.51,0.5327102803738318
0.4634146341463415,0.5030120481927711,0.5196153846153846,0.5490196078431373,0.5047619047619047
0.4634146341463415,0.5,0.52,0.6872266973532797,0.5132784958871915
0.4615384615384616,0.5,0.5163062743707905,0.6813773621441834,0.5078297039393198
0.4615384615384616,0.5,0.5196153846153846,0.680365296803653,0.5138739706408879
0.4615384615384616,0.5,0.5185185185185186,0.6988967943710949,0.4133928571428571
0.4629629629629629,0.5,0.5189873417721519,0.6819548003005607,0.5175438596491229
0.4621125143513203,0.5,0.5185185185185186,0.5172413793103449,0.5077636013480982
0.4634146341463415,0.5,0.5192307692307693,0.5,0.511766334440753
0.4634146341463415,0.5,0.5208333333333334,0.5,0.5111111111111111
0.4634146341463415,0.5,0.5204166666666667,0.5135135135135135,0.5094373009319335
0.4615384615384616,0.5,0.5173555377207063,0.5,0.5113695090439276
0.4615384615384616,0.5,0.5178571428571429,0.5,0.5081967213114754
0.4615384615384616,0.5,0.5168539325842697,0.5,0.5062683795078161
0.4615384615384616,0.5,0.5189873417721519,0.5,0.5111111111111111
0.4615384615384615,0.5,0.5187529301453353,0.5,0.5106382978723405
0.4615384615384615,0.5,0.52,0.5142857142857143,0.5086705202312138
0.4615384615384615,0.5,0.5192307692307693,0.5142857142857143,0.5102040816326531
0.4615384615384615,0.5,0.5208333333333334,0.5169540229885058,0.5108747044917258
0.4615384615384616,0.5,0.5213737668980636,0.52,0.5104211897524968
0.46042188805346707,0.5,0.5208333333333334,0.5131670131670132,0.5092372208999207
0.4615384615384615,0.5,0.5192307692307693,0.5142857142857143,0.5111111111111111
0.4615384615384616,0.5,0.52,0.513888888888889,0.5111111111111111
0.4615384615384616,0.5,0.5164835164835164,0.5,0.511766334440753
0.46,0.5,0.5208333333333334,0.5135135135135135,0.511904761904762
0.46,0.5,0.5217391304347826,0.5,0.511766334440753
0.4615384615384615,0.5,0.5161290322580645,0.5106382978723405,0.5120499419279907
0.4615384615384616,0.5,0.5151515151515151,0.5131670131670132,0.5121951219512195
0.4615384615384615,0.5,0.5178571428571429,0.5109903381642512,0.5121951219512195
0.4615384615384615,0.5,0.5168539325842697,0.5,0.5121951219512195
0.4571428571428572,0.5,0.5181878306878307,0.513888888888889,0.504
0.4571428571428572,0.5,0.5196153846153846,0.5135135135135135,0.5121951219512195
0.46,0.5,0.525,0.5238656692145065,0.5106382978723405
0.4603174603174603,0.5,0.5355990783410138,0.5212016781540306,0.511766334440753
0.46,0.5,0.5196153846153846,0.5229915433403804,0.5135135135135135
0.46,0.5,0.5192307692307693,0.5142857142857143,0.5135135135135135
0.46,0.5,0.5192307692307693,0.5855855855855856,0.5135135135135135
0.4605263157894737,0.5,0.5187529301453353,0.5873787800539393,0.5121951219512195
0.4610323886639676,0.5,0.5168539325842697,0.589171974522293,0.511904761904762
0.4615384615384615,0.5,0.5217391304347826,0.5166666666666667,0.5121951219512195
0.4615384615384615,0.5,0.5217391304347826,0.5119115144639819,0.5121951219512195
0.4594594594594594,0.5,0.5208333333333334,0.5137012012012012,0.5126193001060446
0.4594594594594594,0.5,0.520920868347339,0.5140873015873016,0.511766334440753
0.46,0.5,0.5227272727272726,0.5135135135135135,0.5121951219512195
0.4634146341463415,0.5,0.5232683982683982,0.5135135135135135,0.5106382978723405
0.4629629629629629,0.5,0.5238095238095238,0.5095246734397678,0.5121951219512195
0.46,0.4949786218554241,0.5227272727272726,0.513888888888889,0.511904761904762
0.46,0.5,0.5217391304347826,0.5180722891566264,0.5121951219512195
0.4634146341463415,0.5,0.52,0.5128205128205129,0.5121951219512195
0.4634146341463415,0.5,0.5230769230769231,0.5180722891566264,0.5121951219512195
0.4634146341463415,0.495575221238938,0.5208333333333334,0.5873787800539393,0.5120499419279907
0.4634146341463415,0.5,0.5238095238095238,0.5952380952380952,0.511904761904762
0.4634146341463415,0.5,0.5227272727272726,0.508141638666322,0.5121951219512195
0.4634146341463415,0.5,0.5217391304347826,0.5434873949579831,0.5121951219512195
0.4642857142857144,0.495575221238938,0.5306122448979592,0.532967032967033,0.511766334440753
0.4642857142857144,0.4949786218554241,0.4930581582744599,0.5,0.5113695090439276
0.4642857142857144,0.5,0.5348837209302325,0.5095246734397678,0.5121951219512195
0.4642857142857144,0.5,0.5238095238095238,0.5108695652173914,0.5108747044917258
0.4634146341463415,0.5,0.5217391304347826,0.5077584148961566,0.5116279069767441
0.4642857142857144,0.4933333333333334,0.5217391304347826,0.5064935064935066,0.5108747044917258
0.4642857142857144,0.492300402748164,0.5238095238095238,0.50694578429481,0.5113695090439276
0.4642857142857144,0.4943820224719102,0.5227272727272726,0.5,0.5100040016006403
0.4642857142857144,0.492063492063492,0.5196153846153846,0.50694578429481,0.5106382978723405
0.4642857142857144,0.4915254237288135,0.5222332015810276,0.5101268412438626,0.5121951219512195
0.4642857142857144,0.4925373134328359,0.5217391304347826,0.5,0.511766334440753
0.4642857142857144,0.4912280701754386,0.5208333333333334,0.5,0.5121951219512195
0.4642857142857144,0.490909090909091,0.5227272727272726,0.5064935064935066,0.5113695090439276
0.4651162790697674,0.4938576779026218,0.5227272727272726,0.5084745762711864,0.5084336207713447
0.4651162790697674,0.492063492063492,0.5238095238095238,0.5,0.5056208159656436
0.4634146341463415,0.4925373134328359,0.5238095238095238,0.5,0.5081967213114754
0.4642857142857144,0.4913767469521261,0.5227272727272726,0.5,0.5108747044917258
0.43181818181818177,0.492063492063492,0.5222332015810276,0.5,0.5084336207713447
0.42857142857142855,0.4915254237288135,0.5227272727272726,0.5253865979381444,0.5092372208999207
0.4629629629629629,0.4918032786885246,0.5217391304347826,0.5247524752475248,0.5072524700441454
0.4651162790697674,0.4910685805422648,0.5217391304347826,0.5068493150684932,0.5081967213114754
0.4655172413793103,0.4912280701754386,0.5217391304347826,0.5011389521640092,0.5368421052631579
0.4655172413793103,0.4912280701754386,0.5217391304347826,0.503393665158371,0.5327102803738318
0.4654318880163878,0.4912280701754386,0.5217391304347826,0.5143288084464555,0.5327102803738318
0.4651162790697674,0.4901960784313726,0.5217391304347826,0.5114102564102565,0.5062683795078161
0.4647009966777409,0.4897959183673469,0.5217391304347826,0.5,0.5039370078740159
0.4651162790697674,0.4903846153846154,0.5238095238095238,0.5180722891566264,0.5039685039370079
0.4583333333333333,0.490566037735849,0.5238095238095238,0.5180722891566264,0.5102040816326531
0.4594594594594594,0.4897959183673469,0.5185185185185186,0.5166666666666667,0.5121951219512195
0.4642857142857144,0.4893617021276596,0.5178571428571429,0.5166666666666667,0.5126193001060446
0.4651162790697674,0.4901960784313726,0.5192307692307693,0.5227272727272726,0.5111111111111111
0.4640269151138717,0.4893617021276596,0.5208333333333334,0.51,0.5111111111111111
0.4642857142857144,0.4893617021276596,0.5208333333333334,0.5212765957446809,0.5108747044917258
0.4642857142857144,0.4888888888888889,0.5210084033613446,0.5251262626262627,0.5111111111111111
0.4642857142857144,0.4888888888888889,0.5208333333333334,0.5180722891566264,0.5170454545454545
0.4640269151138717,0.4886363636363636,0.5208333333333334,0.5,0.5155969634230504
0.4642857142857144,0.4888888888888889,0.5192307692307693,0.5058823529411764,0.5251270700114774
0.4640269151138717,0.4864864864864865,0.52,0.50694578429481,0.4913767469521261
0.4642857142857144,0.4864864864864865,0.5189873417721519,0.5106382978723405,0.4142857142857143
0.4654318880163878,0.4888888888888889,0.4571109518989521,0.5080251669234721,0.5169082125603864
0.4642857142857144,0.4893617021276596,0.12740213523131672,0.5128205128205129,0.5054945054945055
0.4642857142857144,0.4878048780487805,0.4539722199466608,0.5,0.5052725052725053
0.4651162790697674,0.4878048780487805,0.5178571428571429,0.5056179775280899,0.5238095238095238
0.4666666666666666,0.4871794871794872,0.5192307692307693,0.5061728395061729,0.4913767469521261
0.4655172413793103,0.4871794871794872,0.5178571428571429,0.5060984679458576,0.4913767469521261
0.4652314068616164,0.4871794871794872,0.5168539325842697,0.5,0.4125
0.4666666666666666,0.4878048780487805,0.5185185185185186,0.5,0.4125
0.4655172413793103,0.4888888888888889,0.5181878306878307,0.5056179775280899,0.5
0.4655172413793103,0.4888888888888889,0.52,0.5101268412438626,0.5102040816326531
0.4666666666666667,0.4878048780487805,0.5168539325842697,0.5073090055484422,0.5745073891625616
0.4666666666666667,0.4871794871794872,0.5147186147186147,0.5128205128205129,0.5675675675675675
0.4666666666666667,0.4878048780487805,0.5142857142857143,0.5142857142857143,0.5111111111111111
0.4657534246575342,0.4878048780487805,0.5173555377207063,0.5,0.5100040016006403
0.4655172413793103,0.4878048780487805,0.5156249999999999,0.5,0.5054945054945055
0.4666666666666666,0.4871794871794872,0.5142857142857143,0.5,0.5084336207713447
0.4662100456621005,0.4871794871794872,0.5151515151515151,0.5,0.5084336207713447
0.4666666666666666,0.4871794871794872,0.5155444587628866,0.5,0.5056208159656436
0.4666666666666666,0.4864864864864865,0.5147186147186147,0.5,0.5081967213114754
0.4666666666666666,0.4868329868329868,0.5135135135135135,0.5,0.5072524700441454
0.4666666666666666,0.4864864864864865,0.5142857142857143,0.5,0.5057471264367817
0.4666666666666666,0.4864864864864865,0.5151515151515151,0.5,0.502
0.4657534246575342,0.4864864864864865,0.5161290322580645,0.5054945054945055,0.5098039215686275
0.4657534246575342,0.4841229838709678,0.5161290322580645,0.5,0.5092372208999207
0.4666666666666666,0.4857142857142857,0.5147186147186147,0.5,0.5057471264367817
0.4666666666666666,0.4838709677419354,0.5161290322580645,0.5,0.5
0.4666666666666666,0.4838709677419354,0.5164835164835164,0.5,0.5
0.4666666666666666,0.4838709677419354,0.5166687245338929,0.5128205128205129,0.5
0.4666666666666666,0.4820352839931154,0.5161290322580645,0.5140873015873016,0.5054945054945055
0.4642857142857144,0.4827586206896552,0.5168539325842697,0.5054945054945055,0.5081967213114754
0.4615384615384616,0.4827586206896552,0.5142857142857143,0.5,0.5104211897524968
0.4615384615384616,0.4821428571428572,0.5173555377207063,0.5054945054945055,0.5102040816326531
0.4666666666666667,0.4817045961624274,0.5142857142857143,0.5094339622641509,0.5054945054945055
0.4666666666666666,0.4807692307692307,0.5192307692307693,0.5125078173858661,0.5104211897524968
0.4666666666666666,0.4806443556443556,0.52,0.513888888888889,0.5108747044917258
0.4666666666666667,0.4806443556443556,0.5173555377207063,0.5131670131670132,0.5074626865671642
0.4666666666666666,0.48,0.5173555377207063,0.5049596421277838,0.5062683795078161
0.4666666666666666,0.4807692307692307,0.5178571428571429,0.5,0.5108747044917258
0.4666666666666667,0.5735930735930737,0.5142857142857143,0.5,0.5111111111111111
0.4666666666666666,0.5901639344262296,0.5142857142857143,0.5066714107809999,0.5078297039393198
0.4666666666666667,0.5666666666666667,0.5161290322580645,0.5135135135135135,0.5042935779816513
0.4666666666666667,0.4782608695652175,0.5166687245338929,0.5227272727272726,0.5092372208999207
0.4666666666666666,0.4782608695652174,0.5168539325842697,0.5180722891566264,0.5
0.4666666666666666,0.4788732394366198,0.5164835164835164,0.5180722891566264,0.504
0.4666666666666666,0.4791666666666666,0.5142857142857143,0.5,0.5
0.4655172413793103,0.4785670545009186,0.5142857142857143,0.5,0.5070422535211268
0.4656353330184223,0.4790199530516432,0.5142857142857143,0.5,0.5063946899789542
0.4655172413793103,0.4770979020979021,0.5128205128205129,0.5,0.5098039215686275
0.4666666666666666,0.48,0.5128205128205129,0.5058823529411764,0.5084336207713447
0.4666666666666666,0.4807692307692307,0.5142857142857143,0.5096153846153847,0.5070422535211268
0.4655172413793103,0.4791666666666666,0.5142857142857143,0.5,0.5
0.4666666666666666,0.4838709677419354,0.5142857142857143,0.5,0.5
0.4652314068616164,0.5,0.5142857142857143,0.5,0.5054945054945055
0.4666666666666666,0.5,0.5147186147186147,0.5,0.5
0.4666666666666666,0.5,0.5135135135135135,0.5,0.5054945054945055
0.4666666666666666,0.4805194805194805,0.5135135135135135,0.5,0.5
0.4666666666666666,0.5373134328358209,0.5135135135135135,0.5,0.5
0.4666666666666666,0.5294117647058824,0.5135135135135135,0.5,0.502
0.4651162790697674,0.5102040816326531,0.5135135135135135,0.5,0.5074626865671642
0.4666666666666666,0.5,0.5132743362831858,0.5,0.5078297039393198
0.4666666666666666,0.5094339622641509,0.5128205128205129,0.5,0.5084336207713447
0.4666666666666666,0.509819021948402,0.5128205128205129,0.5,0.5084336207713447
0.4651162790697674,0.5147058823529412,0.5116279069767441,0.5,0.5046745303626037
0.4651162790697674,0.5250069463739928,0.5116279069767441,0.5,0.5047619047619047
0.4651162790697674,0.5081967213114754,0.5116279069767441,0.5,0.5056208159656436
0.4651162790697674,0.5083356487913309,0.5119115144639819,0.5121951219512195,0.5070422535211268
0.4651162790697674,0.5,0.5111111111111111,0.5135135135135135,0.5327102803738318
0.4666666666666666,0.4873096446700508,0.5116279069767441,0.5137012012012012,0.4959708717311845
0.4651162790697674,0.4876524390243903,0.531305114638448,0.5068493150684932,0.5650035349093856
0.4666666666666666,0.5227272727272726,0.4259259259259259,0.5063291139240506,0.5510204081632653
0.4666666666666666,0.4891252955082743,0.4259259259259259,0.5,0.5252525252525253
0.4651162790697674,0.4857142857142857,0.5116279069767441,0.5,0.5054945054945055
0.4666666666666666,0.4827586206896552,0.5111111111111111,0.5,0.5039685039370079
0.4666666666666666,0.4859126984126984,0.5111111111111111,0.5,0.5072524700441454
0.4655172413793103,0.5147058823529412,0.5111111111111111,0.5,0.5263157894736842
0.4666666666666666,0.5384615384615385,0.5109903381642512,0.5,0.5352112676056338
0.4666666666666666,0.5378874856486797,0.5107539315448659,0.5,0.5518518518518518
0.4666666666666666,0.5,0.5116279069767441,0.6219512195121951,0.520408163265306
0.4666666666666666,0.5106382978723405,0.5116279069767441,0.6234756097560976,0.5
0.4666666666666666,0.4888888888888889,0.5111111111111111,0.6190476190476191,0.5045871559633027
0.4666666666666666,0.4864864864864865,0.5102040816326531,0.5870157384987893,0.5
0.4666666666666666,0.4824507389162562,0.5106382978723405,0.5473944294699011,0.5
0.4666666666666666,0.4871794871794872,0.5106382978723405,0.5180722891566264,0.504
0.4666666666666666,0.4871794871794872,0.5106382978723405,0.5218323277230867,0.5038167938931297
0.4666666666666666,0.4871794871794872,0.5107539315448659,0.5209407387722562,0.5
0.4666666666666666,0.4861111111111111,0.5106382978723405,0.520204081632653,0.502
0.4655172413793103,0.4852813852813853,0.5132743362831858,0.5172779028200714,0.5
0.4653465346534653,0.4859154929577466,0.20914634146341465,0.5180722891566264,0.5
0.4666666666666666,0.4819277108433734,0.2682926829268293,0.5180722891566264,0.5
0.4660919540229885,0.4814814814814815,0.4906515580736544,0.5161290322580645,0.5089800896913391
0.4666666666666666,0.4814814814814815,0.5106382978723405,0.5212016781540306,0.4912280701754386
0.4666666666666666,0.4846117424242424,0.5106382978723405,0.5223880597014925,0.5761024182076814
0.4666666666666666,0.4827586206896552,0.5111111111111111,0.5150614091790562,0.5
0.4666666666666666,0.4827586206896552,0.5104211897524968,0.5227272727272726,0.5
0.4666666666666666,0.4835462221260013,0.5102040816326531,0.5114102564102565,0.5
0.4655172413793103,0.4857142857142857,0.5102040816326531,0.5142857142857143,0.5058336725003392
0.4655172413793103,0.4852813852813853,0.5106382978723405,0.5227272727272726,0.5047619047619047
0.4666666666666666,0.4864864864864865,0.5098039215686275,0.6666666666666666,0.5042935779816513
0.4655172413793103,0.4857142857142857,0.5111111111111111,0.6649659863945578,0.5
0.4655172413793103,0.4807692307692307,0.5106382978723405,0.6632653061224489,0.5
0.4655172413793103,0.4807692307692307,0.5109903381642512,0.5118110236220472,0.5054945054945055
0.4666666666666666,0.4827586206896552,0.5106382978723405,0.5180722891566264,0.5054945054945055
0.4654318880163878,0.4836021505376344,0.5106382978723405,0.5142857142857143,0.5051282051282051
0.4642857142857144,0.4833147942157953,0.5106382978723405,0.5142857142857143,0.5072524700441454
0.4651162790697674,0.5789473684210527,0.5098039215686275,0.5,0.5074626865671642
0.4655172413793103,0.5789473684210527,0.5106382978723405,0.5,0.502
0.4666666666666666,0.4807692307692307,0.5106382978723405,0.5,0.5054945054945055
0.4651162790697674,0.4807692307692307,0.5107539315448659,0.5116279069767441,0.5864197530864198
0.4651162790697674,0.4807692307692307,0.5111111111111111,0.5084745762711864,0.5864197530864198
0.4651162790697674,0.4814814814814815,0.5107539315448659,0.5077584148961566,0.5061728395061729
0.4642857142857144,0.4814814814814815,0.5111111111111111,0.5,0.5051282051282051
0.4651162790697674,0.4807692307692307,0.5106382978723405,0.5,0.5
0.4660919540229885,0.4821428571428572,0.5106382978723405,0.5,0.5047619047619047
0.4655172413793103,0.4857142857142857,0.5102040816326531,0.5,0.5045871559633027
0.4651162790697674,0.4861111111111111,0.5106382978723405,0.5,0.5
0.4655172413793103,0.4857142857142857,0.5106382978723405,0.5,0.5
0.4655172413793103,0.5,0.5106382978723405,0.5,0.5058336725003392
0.4642857142857144,0.5,0.5106382978723405,0.513888888888889,0.5054945054945055
0.4642857142857144,0.5,0.5106382978723405,0.5137012012012012,0.5039083969465649
0.4642857142857144,0.4973118279569893,0.5106382978723405,0.5121951219512195,0.5081967213114754
0.4642857142857144,0.4871794871794872,0.5098039215686275,0.5,0.5058336725003392
0.4655172413793103,0.5,0.5098039215686275,0.5113695090439276,0.5169082125603864
0.4666666666666666,0.5,0.5086963097398669,0.5119115144639819,0.5368421052631579
0.4666666666666666,0.509090909090909,0.5102040816326531,0.5111111111111111,0.5662855861914369
0.4666666666666666,0.509819021948402,0.5095246734397678,0.5,0.5626911314984708
0.4666666666666666,0.4871794871794872,0.5098039215686275,0.5,0.5441176470588235
0.4666666666666666,0.4871794871794872,0.5098039215686275,0.5,0.5077636013480982
0.4666666666666666,0.5079365079365079,0.5076923076923077,0.6666666666666666,0.5070422535211268
0.4666666666666666,0.5142857142857143,0.509090909090909,0.6666666666666666,0.5106382978723404
0.4660919540229885,0.5147058823529412,0.5098039215686275,0.6666666666666666,0.5074626865671642
0.4655172413793103,0.4871794871794872,0.5094339622641509,0.5147058823529412,0.5070422535211268
0.4655172413793103,0.4871794871794872,0.509090909090909,0.5151515151515151,0.5108747044917258
0.4655172413793103,0.4864864864864865,0.5092624356775299,0.5159090909090909,0.5081967213114754
0.4666666666666666,0.4864864864864865,0.5098039215686275,0.5220635950681376,0.5120975609756098
0.4666666666666666,0.4860133020344288,0.5098039215686275,0.5180722891566264,0.5121951219512195
0.4666666666666667,0.4864864864864865,0.5098039215686275,0.5180722891566264,0.5088807146610614
0.4666666666666666,0.4864864864864865,0.5098039215686275,0.5187764043185731,0.5102040816326531
0.4666666666666666,0.4862987987987988,0.5098039215686275,0.6666666666666666,0.5102040816326531
0.4660919540229885,0.4857142857142857,0.5094339622641509,0.6666666666666666,0.5108747044917258
0.4666666666666666,0.4857142857142857,0.5098039215686275,0.6672619047619047,0.5766718913270638
0.4666666666666666,0.4848484848484849,0.5098039215686275,0.5142857142857143,0.572463768115942
0.4666666666666666,0.4807692307692307,0.5087719298245614,0.5142857142857143,0.5161290322580645
0.4666666666666666,0.4819277108433734,0.5087719298245614,0.5128205128205129,0.5094474153297683
0.4666666666666666,0.4814814814814815,0.5094339622641509,0.5142857142857143,0.5102040816326531
0.4651162790697674,0.4819277108433734,0.5094339622641509,0.5150614091790562,0.509090909090909
0.4651162790697674,0.4864864864864865,0.509090909090909,0.5158371040723981,0.5086705202312138
0.4660919540229885,0.4864864864864865,0.5098039215686275,0.5,0.5088807146610614
0.4653465346534653,0.4887626262626262,0.5074626865671642,0.6672619047619047,0.5102040816326531
0.4655172413793103,0.4864864864864865,0.5087719298245614,0.6672619047619047,0.509090909090909
0.4642857142857144,0.4871794871794872,0.509090909090909,0.6627450980392157,0.5102040816326531
0.4653465346534653,0.4864864864864865,0.5094339622641509,0.6375,0.509090909090909
0.4651162790697674,0.4864864864864865,0.5,0.6050509337860781,0.5066075465136498
0.4528301886792453,0.4864864864864865,0.5072463768115941,0.5212765957446809,0.5061728395061729
0.4733893557422969,0.4864864864864865,0.5073545316893792,0.5180722891566264,0.5102040816326531
0.4481740064446832,0.4864864864864865,0.5089314194577352,0.5253521126760563,0.509090909090909
0.4634146341463415,0.4864864864864865,0.5047173857106098,0.5104895104895104,0.5083801212361172
0.5357664233576642,0.4864864864864865,0.5087719298245614,0.5232558139534884,0.5175438596491229
0.5357664233576642,0.4864864864864865,0.5047173857106098,0.5218323277230867,0.5368421052631579
0.4666666666666666,0.4864864864864865,0.5060240963855421,0.5159090909090909,0.5399862843650443
0.4660919540229885,0.4864864864864865,0.5,0.6666666666666666,0.5668602604716648
0.4615384615384616,0.4861111111111111,0.505821036956816,0.6666666666666666,0.5
0.4615384615384616,0.4827586206896552,0.5086206896551724,0.6666666666666666,0.5054945054945055
0.4651162790697674,0.484375,0.5072463768115941,0.5212016781540306,0.5251270700114774
0.4666666666666666,0.5079365079365079,0.5087719298245614,0.5211267605633804,0.5327102803738318
0.4666666666666666,0.5079365079365079,0.5070478459400436,0.5151515151515151,0.5081967213114754
0.4666666666666666,0.4838709677419354,0.5094339622641509,0.6627450980392157,0.5054945054945055
0.4666666666666667,0.4857142857142857,0.507577497129736,0.6632653061224489,0.5051282051282051
0.4666666666666667,0.4838709677419354,0.5086206896551724,0.6666666666666666,0.5059599829714773
0.4666666666666666,0.5757575757575758,0.5074626865671642,0.5266666666666667,0.5042935779816513
0.4666666666666667,0.5825757575757576,0.5074626865671642,0.520408163265306,0.5081967213114754
0.4666666666666666,0.5789473684210527,0.5095246734397678,0.5432900432900433,0.5078297039393198
0.4666666666666667,0.4864864864864865,0.5092624356775299,0.5243522996826961,0.5045871559633027
0.4666666666666667,0.4864864864864865,0.5089314194577352,0.5142857142857143,0.5054945054945055
0.4672897196261683,0.4838709677419354,0.5098039215686275,0.5227272727272726,0.5070422535211268
0.4666666666666667,0.4821428571428572,0.5094339622641509,0.5241425241425242,0.5
0.4672897196261683,0.4864864864864865,0.5098039215686275,0.6872266973532797,0.5072524700441454
0.4680851063829787,0.4864864864864865,0.5094339622641509,0.6926105390672319,0.5047619047619047
0.4666666666666667,0.4864864864864865,0.5094339622641509,0.6954905093385066,0.5098039215686275
0.4675158275550197,0.4864864864864865,0.5095246734397678,0.5778901227352425,0.5074626865671642
0.4672897196261683,0.4871794871794872,0.5098039215686275,0.5778901227352425,0.5045871559633027
0.4675158275550197,0.4827586206896552,0.5098039215686275,0.5223880597014925,0.5046745303626037
0.4680851063829787,0.509819021948402,0.5094339622641509,0.5710344827586207,0.5056179775280899
0.4680851063829787,0.5089314194577352,0.5100040016006403,0.5778901227352425,0.5054945054945055
0.4680851063829787,0.4857142857142857,0.5098039215686275,0.5710344827586207,0.5072524700441454
0.46875,0.4871794871794872,0.5098039215686275,0.5197402597402597,0.5
0.4680851063829787,0.4871794871794872,0.5106382978723405,0.5166666666666667,0.5081967213114754
0.4680851063829787,0.4846117424242424,0.5106382978723405,0.5169540229885058,0.5072524700441454
0.4680851063829787,0.4864864864864865,0.5098039215686275,0.5180722891566264,0.5072524700441454
0.4680851063829787,0.4864864864864865,0.5098039215686275,0.5215078630897317,0.5051282051282051
0.4680851063829787,0.4871794871794872,0.5102040816326531,0.5223880597014925,0.5042935779816513
0.4680851063829787,0.4864864864864865,0.5098039215686275,0.5225576662143825,0.5
0.46875,0.4864864864864865,0.5098039215686275,0.5227272727272726,0.5058954085171314
0.46875,0.5245901639344263,0.5095246734397678,0.5151515151515151,0.5054945054945055
0.46875,0.5250069463739928,0.5098039215686275,0.5180722891566264,0.5
0.45,0.5,0.5100040016006403,0.5180722891566264,0.5
0.45,0.5230769230769231,0.5098039215686275,0.5180722891566264,0.5058954085171314
0.46875,0.5238095238095238,0.5106382978723405,0.5149286987522281,0.5054945054945055
0.46875,0.4857142857142857,0.5096153846153847,0.5217391304347826,0.504
0.4651162790697674,0.4864864864864865,0.5092624356775299,0.5194805194805194,0.5251270700114774
0.4642857142857144,0.4861111111111111,0.5094339622641509,0.5217391304347826,0.5327102803738318
0.46875,0.4864864864864865,0.4259259259259259,0.5223051409618573,0.5675675675675675
0.46875,0.4864864864864865,0.3538032727926632,0.5212765957446809,0.5353535353535354
0.46875,0.4864864864864865,0.5097087378640777,0.5211267605633804,0.5494828068213586
0.46875,0.4875,0.5106382978723405,0.5204166666666667,0.5694980694980695
0.46875,0.4871794871794872,0.5098039215686275,0.5165750915750915,0.536
0.46875,0.4871794871794872,0.5106382978723405,0.5151515151515151,0.4959708717311845
0.46875,0.4864864864864865,0.5098039215686275,0.5149286987522281,0.46231366785639294
0.46875,0.4864864864864865,0.5098039215686275,0.5142857142857143,0.5510204081632653
0.4690688775510203,0.578125,0.5102040816326531,0.5178596739900779,0.5046745303626037
0.46875,0.578125,0.5097096530920061,0.5180722891566264,0.5045871559633027
0.4693877551020407,0.5666666666666667,0.5196474476680132,0.5217391304347826,0.5056825519824357
0.46875,0.4864864864864865,0.13333333333333333,0.5227272727272726,0.5154639175257733
0.4693877551020407,0.4864864864864865,0.4223646723646723,0.5227272727272726,0.5157964748919188
0.46875,0.4864864864864865,0.5098039215686275,0.5175444596443228,0.5047619047619047
0.46875,0.4871794871794872,0.5106382978723405,0.5142857142857143,0.5074626865671642
0.46875,0.4871794871794872,0.5106382978723405,0.5142857142857143,0.5074626865671642
0.46875,0.4878048780487805,0.5106382978723405,0.5142857142857143,0.5074626865671642
0.46875,0.4873397435897436,0.5100040016006403,0.5142857142857143,0.5074626865671642
0.46875,0.4878048780487805,0.5092624356775299,0.5149286987522281,0.5070422535211268
0.4690688775510203,0.4901960784313726,0.5098039215686275,0.5151515151515151,0.5061728395061729
0.46875,0.4887626262626262,0.5094339622641509,0.5142857142857143,0.5054945054945055
0.4693877551020407,0.4875,0.5095246734397678,0.5151515151515151,0.5056179775280899
0.4693877551020407,0.4888888888888889,0.5098039215686275,0.5158175158175158,0.5046745303626037
0.4693877551020407,0.4888888888888889,0.5096153846153847,0.5169540229885058,0.5046745303626037
0.4693877551020407,0.4888888888888889,0.5096153846153847,0.5151515151515151,0.5070422535211268
0.46875,0.4868329868329868,0.509090909090909,0.5180722891566264,0.5056179775280899
0.46875,0.4878048780487805,0.509090909090909,0.5206207482993197,0.5054945054945055
0.4693877551020407,0.4893617021276596,0.5094339622641509,0.5222222222222223,0.5063301155246083
0.4693877551020407,0.4891252955082743,0.5012315270935961,0.520204081632653,0.5327102803738318
0.4693877551020407,0.4864864864864865,0.5060240963855421,0.5180722891566264,0.5327102803738318
0.4693877551020407,0.4864864864864865,0.5,0.5164835164835164,0.5347761928184949
0.4693877551020407,0.4864864864864865,0.5087719298245614,0.5151515151515151,0.5929054054054054
0.4693877551020407,0.4864864864864865,0.5,0.5,0.5084336207713447
0.4693877551020407,0.4864864864864865,0.5074626865671642,0.5180722891566264,0.5081967213114754
0.4693877551020407,0.4864864864864865,0.5089314194577352,0.5194805194805194,0.5063301155246083
0.4693877551020407,0.4871794871794872,0.5,0.5180722891566264,0.5054945054945055
0.46875,0.4871794871794872,0.5,0.5164835164835164,0.5671171171171171
0.4693877551020407,0.4864864864864865,0.5,0.5166666666666667,0.5327102803738318
0.4693877551020407,0.4864864864864865,0.5012315270935961,0.5166666666666667,0.5327102803738318
0.4693877551020407,0.4864864864864865,0.5,0.5165750915750915,0.5074626865671642
0.4693877551020407,0.4871794871794872,0.5,0.5,0.5175438596491229
0.4693877551020407,0.4864864864864865,0.5,0.5180722891566264,0.5251270700114774
0.4693877551020407,0.4871794871794872,0.5,0.5194805194805194,0.5775862068965517
0.4693877551020407,0.4871794871794872,0.5,0.5180722891566264,
0.4693877551020407,0.4864864864864865,0.5,0.5164835164835164,
0.4693877551020407,0.4864864864864865,0.5,0.5154704944178629,
0.46875,0.4860133020344288,0.5,0.5157894736842106,
0.4693877551020407,0.4864864864864865,0.5,0.5157894736842106,
0.4693877551020407,0.4864864864864865,0.5,0.5161364950838635,
0.4693877551020407,0.4864864864864865,0.5,0.5165750915750915,
0.46875,0.4864864864864865,0.5,0.5,
0.46875,0.4864864864864865,0.5,0.5165750915750915,
0.4693877551020407,0.4864864864864865,0.5,0.5165750915750915,
0.4666666666666666,0.4864864864864865,0.5,0.5174418604651162,
0.4666666666666666,0.4864864864864865,0.5,0.5174418604651162,
0.4733893557422969,0.4861111111111111,0.5,0.5180722891566264,
0.4823529411764706,0.4864864864864865,0.5,0.5197402597402597,
0.4545454545454546,0.4864864864864865,0.5,0.5212765957446809,
0.46875,0.4857142857142857,0.5,0.5219806763285024,
0.46875,0.4864864864864865,0.5,0.5227272727272726,
0.4666666666666666,0.4857142857142857,0.5,0.5232558139534884,
0.4666666666666666,0.4830459770114942,0.5,0.5297661233167967,
0.4693877551020407,0.4861111111111111,0.5,0.525512860564407,
0.4693877551020407,0.5409836065573771,0.5,0.525512860564407,
0.4690688775510203,0.5757575757575758,0.5,0.5180722891566264,
0.46875,0.547410102739726,0.5,0.5217391304347826,
0.46875,0.4838709677419354,0.5,0.5223880597014925,
0.4680851063829787,0.484375,0.5,0.5194805194805194,
0.4680851063829787,0.4833333333333333,0.5,0.5,
0.4693877551020407,0.4848484848484849,0.5,0.5176470588235295,
0.46875,0.4864864864864865,0.5,0.5175444596443228,
0.46875,0.4864864864864865,0.5051975051975052,0.5176470588235295,
0.4680851063829787,0.4864864864864865,0.5085324232081911,0.5144957983193278,
0.435340022296544,0.4862987987987988,0.5,0.5142857142857143,
0.5079365079365079,0.4864864864864865,0.5,0.5142857142857143,
0.443609022556391,0.4848484848484849,0.5,0.5208333333333334,
0.4693877551020407,0.484375,0.5,0.5212765957446809,
0.4693877551020407,0.4864864864864865,0.5,0.5187764043185731,
0.4693877551020407,0.4864864864864865,0.4949832775919733,0.5180722891566264,
0.4693877551020407,0.4864864864864865,0.4949832775919733,0.5194805194805194,
0.4693877551020407,0.4864864864864865,0.5,0.5223880597014925,
0.4680851063829787,0.4857142857142857,0.5,0.5,
0.4680851063829787,0.4861111111111111,0.5,0.5,
0.4693877551020407,0.4857142857142857,0.5,0.5,
0.4693877551020407,0.4857142857142857,0.5,0.5194805194805194,
0.4693877551020407,0.4857142857142857,0.5,0.5227272727272726,
0.4693877551020407,0.5072463768115941,0.5,0.5,
0.4693877551020407,0.5838744588744589,0.5,0.5223880597014925,
0.4693877551020407,0.5838744588744589,0.5,0.5223880597014925,
0.46875,0.4864864864864865,0.5,0.5197402597402597,
0.4693877551020407,0.4871794871794872,0.5,0.5204166666666667,
0.4705882352941176,0.4864864864864865,0.5,0.52,
0.4705882352941176,0.4871794871794872,0.5,0.5187764043185731,
0.4705882352941176,0.4871794871794872,0.5,0.5197402597402597,
0.4693877551020407,0.4871794871794872,0.5,0.5,
0.4705882352941176,0.4871794871794872,0.5,0.5,
0.4693877551020407,0.4871794871794872,0.5,0.5,
0.4705882352941176,0.4868329868329868,0.5,0.5227272727272726,
0.4705882352941176,0.4871794871794872,0.5,0.5232558139534884,
0.4705882352941176,0.4871794871794872,0.5,0.5232558139534884,
0.4705882352941176,0.4864864864864865,0.5,0.5211267605633804,
0.4693877551020407,0.4871794871794872,0.5,0.5209800469483569,
0.4693877551020407,0.4871794871794872,0.5,0.5,
0.4705882352941176,0.4871794871794872,0.5,0.5,
0.4705882352941176,0.4871794871794872,0.5,0.5,
0.4705882352941176,0.4871794871794872,0.5,0.5238095238095238,
0.4705882352941176,0.4864864864864865,0.5,0.5,
0.4705882352941176,0.4871794871794872,0.5,0.5222222222222223,
0.4705882352941176,0.4864864864864865,0.5,0.5,
0.4705882352941176,0.4864864864864865,0.5,0.5,
0.4705882352941176,0.4864864864864865,0.5,0.5,
0.4705882352941176,0.4864864864864865,0.5,0.5,
0.4705882352941176,0.4864864864864865,0.5,0.5,
0.4705882352941176,0.4864864864864865,0.5,0.5,
0.4705882352941176,0.4864864864864865,0.5,0.5,
0.4705882352941176,0.4871794871794872,0.5,0.5,
0.4705882352941176,0.4864864864864865,0.5,0.5,
0.4705882352941176,0.4871794871794872,0.5,0.5,
0.4705882352941176,0.4871794871794872,0.5,0.5,
0.4705882352941176,0.4864864864864865,0.5,0.5,
0.4705882352941176,0.4864864864864865,0.5,0.5,
0.4705882352941176,0.4871794871794872,0.4878048780487805,0.5,
0.4705882352941176,0.4871794871794872,0.5,0.5,
0.4705882352941176,0.4864864864864865,0.5,0.5,
0.4716981132075472,0.4864864864864865,0.5,0.5,
0.4705882352941176,0.4871794871794872,0.5,0.5,
0.4722222222222223,0.4871794871794872,0.5,0.5,
0.4722222222222223,0.4871794871794872,0.5,0.5,
0.4722222222222223,0.4864864864864865,0.5,0.5,
0.4722222222222223,0.4864864864864865,0.4761904761904762,0.5,
0.4722222222222223,0.4864864864864865,0.4761904761904762,0.5,
0.4722222222222223,0.4868329868329868,0.5,0.5176470588235295,
0.4722222222222223,0.4868329868329868,0.5,0.5176470588235295,
0.4722222222222223,0.4871794871794872,0.5,0.5176470588235295,
0.4705882352941176,0.4871794871794872,0.5,0.5,
0.4722222222222223,0.4871794871794872,0.5,0.5,
0.4722222222222223,0.4871794871794872,0.5,0.5,
0.4722222222222223,0.4864864864864865,0.5,0.5180722891566264,
0.4727272727272727,0.4868329868329868,0.5,0.5,
0.4722222222222223,0.4871794871794872,0.5,0.5,
0.4722222222222223,0.4871794871794872,0.5,0.5,
0.4724747474747475,0.4871794871794872,0.5,0.5,
0.4722222222222223,0.4871794871794872,0.5,0.5,
0.4722222222222223,0.4871794871794872,0.5,0.5,
0.4722222222222223,0.4871794871794872,0.5,0.5,
0.4722222222222223,0.4871794871794872,0.5,0.5,
0.4722222222222223,0.4871794871794872,0.5,0.5,
0.4722222222222223,0.4871794871794872,0.5,0.5,
0.4722222222222223,0.4871794871794872,0.5,0.5,
0.4727272727272727,0.4868329868329868,0.5,0.5,
0.4722222222222223,0.4868329868329868,0.5,0.5,
0.4722222222222223,0.4864864864864865,0.5,0.5,
0.4722222222222223,0.4864864864864865,0.5,0.5,
0.4722222222222223,0.4864864864864865,0.5,0.5,
0.4722222222222223,0.4864864864864865,0.5,0.5,
0.4724747474747475,0.4864864864864865,0.5,0.5204166666666667,
0.4722222222222223,0.4864864864864865,0.5,0.5208333333333334,
0.4727272727272727,0.4864864864864865,0.5,0.5212765957446809,
0.4722222222222223,0.4864864864864865,0.5,0.5,
0.4727272727272727,0.4864864864864865,0.5,0.5,
0.4711431742508324,0.4864864864864865,0.5,0.5,
0.4716981132075472,0.4871794871794872,0.5,0.5227272727272726,
0.4727272727272727,0.4871794871794872,0.5,0.5227272727272726,
0.4722222222222223,0.4864864864864865,0.5,0.5187764043185731,
0.4722222222222223,0.4864864864864865,0.5,0.5,
0.4722222222222223,0.4864864864864865,0.5,0.5,
0.4722222222222223,0.4864864864864865,0.5,0.5,
0.4722222222222223,0.4871794871794872,0.5,0.5,
0.4722222222222223,0.4864864864864865,0.5,0.5,
0.4722222222222223,0.5757575757575758,0.5,0.5,
0.4722222222222223,0.5789473684210527,0.5,0.5,
0.4722222222222223,0.5177938196555218,0.5,0.5,
0.4722222222222223,0.4864864864864865,0.5,0.5,
0.4722222222222223,0.4864864864864865,0.5,0.5,
0.4722222222222223,0.4864864864864865,0.5,0.5212765957446809,
0.4705882352941176,0.4862987987987988,0.5,0.5180722891566264,
0.4705882352941176,0.484375,0.5,0.5211267605633804,
0.4705882352941176,0.4861111111111111,0.5,0.5223880597014925,
0.4722222222222223,0.4857142857142857,0.5,0.5209800469483569,
0.4705882352941176,0.4848484848484849,0.5,0.5,
0.4722222222222223,0.4864864864864865,0.5,0.5,
0.4722222222222223,0.4864864864864865,0.5,0.5,
0.4901960784313726,0.4871794871794872,0.5,0.5208333333333334,
0.44078947368421056,0.4864864864864865,0.5,0.5180722891566264,
0.4473684210526316,0.4857142857142857,0.5,0.5,
0.44935451837140017,0.4864864864864865,0.4852652259332024,0.5,
0.5079365079365079,0.4871794871794872,0.4852652259332024,0.5227272727272726,
0.5079365079365079,0.4864864864864865,0.5,0.5,
0.4727272727272727,0.4864864864864865,0.5,0.5222222222222223,
0.4736842105263158,0.4864864864864865,0.5,0.5212765957446809,
0.4736842105263158,0.4871794871794872,0.5,0.5,
0.4727272727272727,0.4871794871794872,0.5,0.52,
0.4736842105263158,0.4871794871794872,0.5,0.5204166666666667,
0.4736842105263158,0.4871794871794872,0.5,0.5248762376237623,
0.4736842105263158,0.4864864864864865,0.5,0.5,
0.4727272727272727,0.4871794871794872,0.5,0.5,
0.4736842105263158,0.4871794871794872,0.5,0.5,
0.4736842105263158,0.4871794871794872,0.5,0.5,
0.4736842105263158,0.4864864864864865,0.5,0.5,
0.4736842105263158,0.4871794871794872,0.5,0.5,
0.4736842105263158,0.4871794871794872,0.5,0.5,
0.4727272727272727,0.4871794871794872,0.5,0.5,
0.4736842105263158,0.4871794871794872,0.4807692307692307,0.5,
0.4727272727272727,0.4864864864864865,0.4693877551020407,,
0.4736842105263158,0.4864864864864865,0.4878048780487805,,
0.4736842105263158,0.4871794871794872,0.5,,
0.4722222222222223,0.5844155844155844,0.5,,
0.4727272727272727,0.5838744588744589,0.5,,
0.4736842105263158,0.4857142857142857,0.5,,
0.4736842105263158,0.4864864864864865,0.5,,
0.4736842105263158,0.4864864864864865,0.5,,
0.4736842105263158,0.4864864864864865,0.5,,
0.4736842105263158,0.4864864864864865,0.5,,
0.4736842105263158,0.4871794871794872,0.5,,
0.4736842105263158,0.4864864864864865,0.5,,
0.4736842105263158,0.4864864864864865,0.5,,
0.4736842105263158,0.4864864864864865,0.5,,
0.4736842105263158,0.4868329868329868,0.5,,
0.4736842105263158,0.5121951219512195,0.5,,
0.4736842105263158,0.5147058823529412,0.5,,
0.4736842105263158,0.4864864864864865,0.4970059880239521,,
0.4655172413793103,0.4864864864864865,0.4985714285714286,,
0.4655172413793103,0.4871794871794872,0.4957264957264957,,
0.4736842105263158,0.5825757575757576,0.4940400170285228,,
0.4736842105263158,0.5825757575757576,,,
0.4736842105263158,0.4871794871794872,,,
0.4736842105263158,0.4871794871794872,,,
0.4736842105263158,0.4871794871794872,,,
0.4736842105263158,0.4871794871794872,,,
0.4736842105263158,0.4868329868329868,,,
0.4736842105263158,0.4871794871794872,,,
0.4736842105263158,0.4864864864864865,,,
0.4736842105263158,0.4871794871794872,,,
0.4736842105263158,0.578125,,,
0.4736842105263158,0.578125,,,
0.4736842105263158,0.4864864864864865,,,
0.4736842105263158,0.4864864864864865,,,
0.4736842105263158,0.4864864864864865,,,
0.4736842105263158,0.4871794871794872,,,
0.4736842105263158,0.484375,,,
0.4736842105263158,0.4857142857142857,,,
0.4736842105263158,0.4859126984126984,,,
0.4736842105263158,0.5806667916420322,,,
0.4736842105263158,0.43944370317150777,,,
0.4736842105263158,0.3076810413238106,,,
0.4736842105263158,,,,
0.4736842105263158,,,,
0.4736842105263158,,,,
0.4736842105263158,,,,
0.4736842105263158,,,,
0.4736842105263158,,,,
0.4745762711864406,,,,
0.4736842105263158,,,,
0.4736842105263158,,,,
0.4594594594594594,,,,
0.4594594594594594,,,,
0.4736842105263158,,,,
0.4736842105263158,,,,
0.4736842105263158,,,,
0.4496772591857001,,,,
0.4496772591857001,,,,
0.4745762711864406,,,,
0.4739555073250136,,,,
0.4736842105263158,,,,
0.4736842105263158,,,,
0.4736842105263158,,,,
0.4736842105263158,,,,
0.4742268041237113,,,,
0.4736842105263158,,,,
0.4736842105263158,,,,
0.4745762711864406,,,,
0.4736842105263158,,,,
0.4739555073250136,,,,
0.4736842105263158,,,,
0.4736842105263158,,,,
0.4736842105263158,,,,
0.4736842105263158,,,,
0.4736842105263158,,,,
0.4736842105263158,,,,
0.4736842105263158,,,,
0.4736842105263158,,,,
0.4823529411764706,,,,
0.4823529411764706,,,,
0.4745762711864406,,,,
0.4736842105263158,,,,
0.47440153765507603,,,,
0.4745762711864406,,,,
0.4736842105263158,,,,
0.4745762711864406,,,,
0.4761904761904762,,,,
0.5079365079365079,,,,
0.4565217391304348,,,,
0.475,,,,
0.475,,,,
0.475,,,,
0.475,,,,
0.475,,,,
0.475,,,,
0.475,,,,
0.475,,,,
0.475,,,,
0.4603174603174603,,,,
0.4615384615384615,,,,
0.4761904761904762,,,,
0.4736842105263158,,,,
0.475,,,,
0.4761904761904762,,,,
0.4761904761904762,,,,
0.4761904761904762,,,,
0.4761904761904762,,,,
0.4761904761904762,,,,
0.4754098360655738,,,,
0.4761904761904762,,,,
0.475,,,,
0.475,,,,
0.4452554744525548,,,,
